date,time,timezone,datetime,qid,slug,name_en,name_sv,publish,video,cover,caption_json,instagram,facebook,youtube_title,youtube_description,video_licence,note
2026-10-09,08:00,Europe/Stockholm,2026-10-09T08:00:00+02:00,Q25404,eurasian-blue-tit,Eurasian Blue Tit,Blåmes,false,eurasian-blue-tit/see-the-song.mp4,eurasian-blue-tit/cover.jpg,eurasian-blue-tit/caption.json,"The Eurasian Blue Tit is a tit with a pale blue crown and upperparts and pale yellow underparts.

Identify birds by sound with the free Birdy app. Link in bio.

Photo: Kathy Büscher, CC BY 2.0, via Wikimedia Commons, cropped · Sound: Benoît Van Hecke, CC BY-SA 4.0, via Wikimedia Commons, edited
Video licensed CC BY-SA 4.0 (https://creativecommons.org/licenses/by-sa/4.0/)

#birds #birdwatching #birdsong #birding #birdy #EurasianBlueTit","The Eurasian Blue Tit is a tit with a pale blue crown and upperparts and pale yellow underparts.

Identify birds by sound with the free Birdy app: https://birdy.community/

Photo: Kathy Büscher, CC BY 2.0 (https://creativecommons.org/licenses/by/2.0/), via Wikimedia Commons, cropped · Sound: Benoît Van Hecke, CC BY-SA 4.0 (https://creativecommons.org/licenses/by-sa/4.0/), via Wikimedia Commons, edited
Video licensed CC BY-SA 4.0 (https://creativecommons.org/licenses/by-sa/4.0/)

#birds #birdwatching #birdsong #birding #birdy #EurasianBlueTit",What does the Eurasian Blue Tit sound like? #shorts,"The Eurasian Blue Tit is a tit with a pale blue crown and upperparts and pale yellow underparts.

Identify birds by sound with the free Birdy app: https://birdy.community/

Photo: Kathy Büscher, CC BY 2.0 (https://creativecommons.org/licenses/by/2.0/), via Wikimedia Commons, cropped · Sound: Benoît Van Hecke, CC BY-SA 4.0 (https://creativecommons.org/licenses/by-sa/4.0/), via Wikimedia Commons, edited
Video licensed CC BY-SA 4.0 (https://creativecommons.org/licenses/by-sa/4.0/)

#birds #birdwatching #birdsong #birding #birdy #EurasianBlueTit",CC BY-SA 4.0,
2026-10-10,08:00,Europe/Stockholm,2026-10-10T08:00:00+02:00,Q4764,common-crane,Common Crane,Trana,false,common-crane/see-the-song.mp4,common-crane/cover.jpg,common-crane/caption.json,"The Common Crane is a grey migrant that breeds in Sweden, usually in small swampy openings in pine forest.

Identify birds by sound with the free Birdy app. Link in bio.

Photo: Kandukuru Nagarjun, CC BY 2.0, via Wikimedia Commons, cropped · Sound: Pálos Lőrinc, CC BY-SA 4.0, via Wikimedia Commons, trimmed and edited
Video licensed CC BY-SA 4.0 (https://creativecommons.org/licenses/by-sa/4.0/)

#birds #birdwatching #birdsong #birding #birdy #CommonCrane","The Common Crane is a grey migrant that breeds in Sweden, usually in small swampy openings in pine forest.

Identify birds by sound with the free Birdy app: https://birdy.community/

Photo: Kandukuru Nagarjun, CC BY 2.0 (https://creativecommons.org/licenses/by/2.0/), via Wikimedia Commons, cropped · Sound: Pálos Lőrinc, CC BY-SA 4.0 (https://creativecommons.org/licenses/by-sa/4.0/), via Wikimedia Commons, trimmed and edited
Video licensed CC BY-SA 4.0 (https://creativecommons.org/licenses/by-sa/4.0/)

#birds #birdwatching #birdsong #birding #birdy #CommonCrane",What does the Common Crane sound like? #shorts,"The Common Crane is a grey migrant that breeds in Sweden, usually in small swampy openings in pine forest.

Identify birds by sound with the free Birdy app: https://birdy.community/

Photo: Kandukuru Nagarjun, CC BY 2.0 (https://creativecommons.org/licenses/by/2.0/), via Wikimedia Commons, cropped · Sound: Pálos Lőrinc, CC BY-SA 4.0 (https://creativecommons.org/licenses/by-sa/4.0/), via Wikimedia Commons, trimmed and edited
Video licensed CC BY-SA 4.0 (https://creativecommons.org/licenses/by-sa/4.0/)

#birds #birdwatching #birdsong #birding #birdy #CommonCrane",CC BY-SA 4.0,
2026-10-11,08:00,Europe/Stockholm,2026-10-11T08:00:00+02:00,Q14683,house-sparrow,House Sparrow,Gråsparv,false,house-sparrow/see-the-song.mp4,house-sparrow/cover.jpg,house-sparrow/caption.json,"The House Sparrow is a sturdy, compact songbird with mainly grey and brown plumage.

Identify birds by sound with the free Birdy app. Link in bio.

Photo: Hobbyfotowiki, CC0, via Wikimedia Commons, cropped · Sound: Jonathon Jongsma, CC BY-SA 3.0, via Wikimedia Commons, edited
Video licensed CC BY-SA 4.0 (https://creativecommons.org/licenses/by-sa/4.0/)

#birds #birdwatching #birdsong #birding #birdy #HouseSparrow","The House Sparrow is a sturdy, compact songbird with mainly grey and brown plumage.

Identify birds by sound with the free Birdy app: https://birdy.community/

Photo: Hobbyfotowiki, CC0 (https://creativecommons.org/publicdomain/zero/1.0/), via Wikimedia Commons, cropped · Sound: Jonathon Jongsma, CC BY-SA 3.0 (https://creativecommons.org/licenses/by-sa/3.0/), via Wikimedia Commons, edited
Video licensed CC BY-SA 4.0 (https://creativecommons.org/licenses/by-sa/4.0/)

#birds #birdwatching #birdsong #birding #birdy #HouseSparrow",What does the House Sparrow sound like? #shorts,"The House Sparrow is a sturdy, compact songbird with mainly grey and brown plumage.

Identify birds by sound with the free Birdy app: https://birdy.community/

Photo: Hobbyfotowiki, CC0 (https://creativecommons.org/publicdomain/zero/1.0/), via Wikimedia Commons, cropped · Sound: Jonathon Jongsma, CC BY-SA 3.0 (https://creativecommons.org/licenses/by-sa/3.0/), via Wikimedia Commons, edited
Video licensed CC BY-SA 4.0 (https://creativecommons.org/licenses/by-sa/4.0/)

#birds #birdwatching #birdsong #birding #birdy #HouseSparrow",CC BY-SA 4.0,
2026-10-12,08:00,Europe/Stockholm,2026-10-12T08:00:00+02:00,Q25348,mallard,Mallard,Gräsand,false,mallard/see-the-song.mp4,mallard/cover.jpg,mallard/caption.json,"Listen to the voice of the Mallard.

Identify birds by sound with the free Birdy app. Link in bio.

Photo: Alexis Lours, CC BY 4.0, via Wikimedia Commons, cropped · Sound: Jonathon Jongsma, CC BY-SA 3.0, via Wikimedia Commons, edited
Video licensed CC BY-SA 4.0 (https://creativecommons.org/licenses/by-sa/4.0/)

#birds #birdwatching #birdsong #birding #birdy #Mallard","Listen to the voice of the Mallard.

Identify birds by sound with the free Birdy app: https://birdy.community/

Photo: Alexis Lours, CC BY 4.0 (https://creativecommons.org/licenses/by/4.0/), via Wikimedia Commons, cropped · Sound: Jonathon Jongsma, CC BY-SA 3.0 (https://creativecommons.org/licenses/by-sa/3.0/), via Wikimedia Commons, edited
Video licensed CC BY-SA 4.0 (https://creativecommons.org/licenses/by-sa/4.0/)

#birds #birdwatching #birdsong #birding #birdy #Mallard",What does the Mallard sound like? #shorts,"Listen to the voice of the Mallard.

Identify birds by sound with the free Birdy app: https://birdy.community/

Photo: Alexis Lours, CC BY 4.0 (https://creativecommons.org/licenses/by/4.0/), via Wikimedia Commons, cropped · Sound: Jonathon Jongsma, CC BY-SA 3.0 (https://creativecommons.org/licenses/by-sa/3.0/), via Wikimedia Commons, edited
Video licensed CC BY-SA 4.0 (https://creativecommons.org/licenses/by-sa/4.0/)

#birds #birdwatching #birdsong #birding #birdy #Mallard",CC BY-SA 4.0,
2026-10-13,08:00,Europe/Stockholm,2026-10-13T08:00:00+02:00,Q25234,common-blackbird,Common Blackbird,Koltrast,false,common-blackbird/see-the-song.mp4,common-blackbird/cover.jpg,common-blackbird/caption.json,"Listen to the song of the Common Blackbird.

Identify birds by sound with the free Birdy app. Link in bio.

Photo: Musicaline, CC BY-SA 4.0, via Wikimedia Commons, cropped · Sound: Oona Räisänen (Mysid), Public domain, via Wikimedia Commons, trimmed and edited
Video licensed CC BY-SA 4.0 (https://creativecommons.org/licenses/by-sa/4.0/)

#birds #birdwatching #birdsong #birding #birdy #CommonBlackbird","Listen to the song of the Common Blackbird.

Identify birds by sound with the free Birdy app: https://birdy.community/

Photo: Musicaline, CC BY-SA 4.0 (https://creativecommons.org/licenses/by-sa/4.0/), via Wikimedia Commons, cropped · Sound: Oona Räisänen (Mysid), Public domain, via Wikimedia Commons, trimmed and edited
Video licensed CC BY-SA 4.0 (https://creativecommons.org/licenses/by-sa/4.0/)

#birds #birdwatching #birdsong #birding #birdy #CommonBlackbird",What does the Common Blackbird sound like? #shorts,"Listen to the song of the Common Blackbird.

Identify birds by sound with the free Birdy app: https://birdy.community/

Photo: Musicaline, CC BY-SA 4.0 (https://creativecommons.org/licenses/by-sa/4.0/), via Wikimedia Commons, cropped · Sound: Oona Räisänen (Mysid), Public domain, via Wikimedia Commons, trimmed and edited
Video licensed CC BY-SA 4.0 (https://creativecommons.org/licenses/by-sa/4.0/)

#birds #birdwatching #birdsong #birding #birdy #CommonBlackbird",CC BY-SA 4.0,
2026-10-14,08:00,Europe/Stockholm,2026-10-14T08:00:00+02:00,Q25385,common-buzzard,Common Buzzard,Ormvråk,false,common-buzzard/see-the-song.mp4,common-buzzard/cover.jpg,common-buzzard/caption.json,"Listen to the voice of the Common Buzzard.

Identify birds by sound with the free Birdy app. Link in bio.

Photo: Hobbyfotowiki, CC0, via Wikimedia Commons, cropped · Sound: Benoît Van Hecke, CC BY-SA 4.0, via Wikimedia Commons, trimmed and edited
Video licensed CC BY-SA 4.0 (https://creativecommons.org/licenses/by-sa/4.0/)

#birds #birdwatching #birdsong #birding #birdy #CommonBuzzard","Listen to the voice of the Common Buzzard.

Identify birds by sound with the free Birdy app: https://birdy.community/

Photo: Hobbyfotowiki, CC0 (https://creativecommons.org/publicdomain/zero/1.0/), via Wikimedia Commons, cropped · Sound: Benoît Van Hecke, CC BY-SA 4.0 (https://creativecommons.org/licenses/by-sa/4.0/), via Wikimedia Commons, trimmed and edited
Video licensed CC BY-SA 4.0 (https://creativecommons.org/licenses/by-sa/4.0/)

#birds #birdwatching #birdsong #birding #birdy #CommonBuzzard",What does the Common Buzzard sound like? #shorts,"Listen to the voice of the Common Buzzard.

Identify birds by sound with the free Birdy app: https://birdy.community/

Photo: Hobbyfotowiki, CC0 (https://creativecommons.org/publicdomain/zero/1.0/), via Wikimedia Commons, cropped · Sound: Benoît Van Hecke, CC BY-SA 4.0 (https://creativecommons.org/licenses/by-sa/4.0/), via Wikimedia Commons, trimmed and edited
Video licensed CC BY-SA 4.0 (https://creativecommons.org/licenses/by-sa/4.0/)

#birds #birdwatching #birdsong #birding #birdy #CommonBuzzard",CC BY-SA 4.0,
2026-10-15,08:00,Europe/Stockholm,2026-10-15T08:00:00+02:00,Q25485,great-tit,Great Tit,Talgoxe,false,great-tit/see-the-song.mp4,great-tit/cover.jpg,great-tit/caption.json,"Listen to the song of the Great Tit.

Identify birds by sound with the free Birdy app. Link in bio.

Photo: Hobbyfotowiki, CC0, via Wikimedia Commons, cropped · Sound: Gavin Vella, CC BY-SA 3.0, via Wikimedia Commons, trimmed and edited
Video licensed CC BY-SA 4.0 (https://creativecommons.org/licenses/by-sa/4.0/)

#birds #birdwatching #birdsong #birding #birdy #GreatTit","Listen to the song of the Great Tit.

Identify birds by sound with the free Birdy app: https://birdy.community/

Photo: Hobbyfotowiki, CC0 (https://creativecommons.org/publicdomain/zero/1.0/), via Wikimedia Commons, cropped · Sound: Gavin Vella, CC BY-SA 3.0 (https://creativecommons.org/licenses/by-sa/3.0/), via Wikimedia Commons, trimmed and edited
Video licensed CC BY-SA 4.0 (https://creativecommons.org/licenses/by-sa/4.0/)

#birds #birdwatching #birdsong #birding #birdy #GreatTit",What does the Great Tit sound like? #shorts,"Listen to the song of the Great Tit.

Identify birds by sound with the free Birdy app: https://birdy.community/

Photo: Hobbyfotowiki, CC0 (https://creativecommons.org/publicdomain/zero/1.0/), via Wikimedia Commons, cropped · Sound: Gavin Vella, CC BY-SA 3.0 (https://creativecommons.org/licenses/by-sa/3.0/), via Wikimedia Commons, trimmed and edited
Video licensed CC BY-SA 4.0 (https://creativecommons.org/licenses/by-sa/4.0/)

#birds #birdwatching #birdsong #birding #birdy #GreatTit",CC BY-SA 4.0,
