date,time,timezone,datetime,qid,slug,name_en,name_sv,publish,video,cover,caption_json,instagram,facebook,youtube_title,youtube_description,youtube_thumbnail,video_licence,note
2026-10-19,08:00,Europe/Stockholm,2026-10-19T08:00:00+02:00,Q25882,greylag-goose,Greylag Goose,Grågås,true,greylag-goose/see-the-song.mp4,greylag-goose/cover.jpg,greylag-goose/caption.json,"The Greylag Goose (Grågås) is a large, heavy grey goose.

Identify birds by sound with the free Birdy app. Link in bio.

Photo: Hobbyfotowiki, CC0, via Wikimedia Commons, cropped · Sound: Vulcano, CC BY-SA 3.0, via Wikimedia Commons, trimmed and edited
Video licensed CC BY-SA 4.0 (https://creativecommons.org/licenses/by-sa/4.0/)

#birds #birdwatching #birdsong #birding #birdy #GreylagGoose #fåglar #fågelskådning","The Greylag Goose (Grågås) is a large, heavy grey goose.

Identify birds by sound with the free Birdy app. More about the Greylag Goose: https://birdy.community/species/greylag-goose/

Photo: Hobbyfotowiki, CC0 (https://creativecommons.org/publicdomain/zero/1.0/), via Wikimedia Commons (https://commons.wikimedia.org/wiki/File:Greylag_goose_%28Anser_anser%29.jpg), cropped · Sound: Vulcano, CC BY-SA 3.0 (https://creativecommons.org/licenses/by-sa/3.0/), via Wikimedia Commons (https://commons.wikimedia.org/wiki/File:Oca_Vulgar.ogg), trimmed and edited
Video licensed CC BY-SA 4.0 (https://creativecommons.org/licenses/by-sa/4.0/)

#birds #birdwatching #birdsong #birding #birdy #GreylagGoose #fåglar #fågelskådning",What does the Greylag Goose sound like? #shorts,"The Greylag Goose (Grågås) is a large, heavy grey goose.

Identify birds by sound with the free Birdy app. More about the Greylag Goose: https://birdy.community/species/greylag-goose/

Photo: Hobbyfotowiki, CC0 (https://creativecommons.org/publicdomain/zero/1.0/), via Wikimedia Commons (https://commons.wikimedia.org/wiki/File:Greylag_goose_%28Anser_anser%29.jpg), cropped · Sound: Vulcano, CC BY-SA 3.0 (https://creativecommons.org/licenses/by-sa/3.0/), via Wikimedia Commons (https://commons.wikimedia.org/wiki/File:Oca_Vulgar.ogg), trimmed and edited
Video licensed CC BY-SA 4.0 (https://creativecommons.org/licenses/by-sa/4.0/)

#birds #birdwatching #birdsong #birding #birdy #GreylagGoose #fåglar #fågelskådning","If YouTube will not take cover.jpg, choose the frame at 15.5 s: the ring at its fullest, before the reveal at 22.2 s (the bird is a blur there; the frame at 0 s shows no bird at all).",CC BY-SA 4.0,
2026-10-20,08:00,Europe/Stockholm,2026-10-20T08:00:00+02:00,Q26026,common-wood-pigeon,Common Wood Pigeon,Ringduva,true,common-wood-pigeon/see-the-song.mp4,common-wood-pigeon/cover.jpg,common-wood-pigeon/caption.json,"The Common Wood Pigeon (Ringduva) is Europe's largest pigeon and lives in most kinds of woodland.

Identify birds by sound with the free Birdy app. Link in bio.

Photo: Ott Rebane, CC BY 2.0, via Wikimedia Commons, cropped · Sound: Oona Räisänen (Mysid), Public domain, via Wikimedia Commons, edited

#birds #birdwatching #birdsong #birding #birdy #CommonWoodPigeon #fåglar #fågelskådning","The Common Wood Pigeon (Ringduva) is Europe's largest pigeon and lives in most kinds of woodland.

Identify birds by sound with the free Birdy app. More about the Common Wood Pigeon: https://birdy.community/species/common-wood-pigeon/

Photo: Ott Rebane, CC BY 2.0 (https://creativecommons.org/licenses/by/2.0/), via Wikimedia Commons (https://commons.wikimedia.org/wiki/File:2018-05-15_Kaelustuvi.jpg), cropped · Sound: Oona Räisänen (Mysid), Public domain, via Wikimedia Commons (https://commons.wikimedia.org/wiki/File:Columba_palumbus_birdsong.ogg), edited

#birds #birdwatching #birdsong #birding #birdy #CommonWoodPigeon #fåglar #fågelskådning",What does the Common Wood Pigeon sound like? #shorts,"The Common Wood Pigeon (Ringduva) is Europe's largest pigeon and lives in most kinds of woodland.

Identify birds by sound with the free Birdy app. More about the Common Wood Pigeon: https://birdy.community/species/common-wood-pigeon/

Photo: Ott Rebane, CC BY 2.0 (https://creativecommons.org/licenses/by/2.0/), via Wikimedia Commons (https://commons.wikimedia.org/wiki/File:2018-05-15_Kaelustuvi.jpg), cropped · Sound: Oona Räisänen (Mysid), Public domain, via Wikimedia Commons (https://commons.wikimedia.org/wiki/File:Columba_palumbus_birdsong.ogg), edited

#birds #birdwatching #birdsong #birding #birdy #CommonWoodPigeon #fåglar #fågelskådning","If YouTube will not take cover.jpg, choose the frame at 2.9 s: the ring at its fullest, before the reveal at 13.8 s (the bird is a blur there; the frame at 0 s shows no bird at all).",,
2026-10-21,08:00,Europe/Stockholm,2026-10-21T08:00:00+02:00,Q25612,whooper-swan,Whooper Swan,Sångsvan,true,whooper-swan/see-the-song.mp4,whooper-swan/cover.jpg,whooper-swan/caption.json,"The Whooper Swan (Sångsvan) is a white swan that breeds in wetlands rich in vegetation throughout Sweden, from forest lakes to farm ponds, streams and wet bogs.

Identify birds by sound with the free Birdy app. Link in bio.

Photo: Estormiz, CC0, via Wikimedia Commons, cropped · Sound: Olivier Grimm, CC BY-SA 4.0, via Wikimedia Commons, trimmed and edited
Video licensed CC BY-SA 4.0 (https://creativecommons.org/licenses/by-sa/4.0/)

#birds #birdwatching #birdsong #birding #birdy #WhooperSwan #fåglar #fågelskådning","The Whooper Swan (Sångsvan) is a white swan that breeds in wetlands rich in vegetation throughout Sweden, from forest lakes to farm ponds, streams and wet bogs.

Identify birds by sound with the free Birdy app. More about the Whooper Swan: https://birdy.community/species/whooper-swan/

Photo: Estormiz, CC0 (https://creativecommons.org/publicdomain/zero/1.0/), via Wikimedia Commons (https://commons.wikimedia.org/wiki/File:Cygnus_cygnus_Reykjavik_20120623_04.JPG), cropped · Sound: Olivier Grimm, CC BY-SA 4.0 (https://creativecommons.org/licenses/by-sa/4.0/), via Wikimedia Commons (https://commons.wikimedia.org/wiki/File:Cygnus_cygnus_-_Whooper_Swan_XC561008.mp3), trimmed and edited
Video licensed CC BY-SA 4.0 (https://creativecommons.org/licenses/by-sa/4.0/)

#birds #birdwatching #birdsong #birding #birdy #WhooperSwan #fåglar #fågelskådning",What does the Whooper Swan sound like? #shorts,"The Whooper Swan (Sångsvan) is a white swan that breeds in wetlands rich in vegetation throughout Sweden, from forest lakes to farm ponds, streams and wet bogs.

Identify birds by sound with the free Birdy app. More about the Whooper Swan: https://birdy.community/species/whooper-swan/

Photo: Estormiz, CC0 (https://creativecommons.org/publicdomain/zero/1.0/), via Wikimedia Commons (https://commons.wikimedia.org/wiki/File:Cygnus_cygnus_Reykjavik_20120623_04.JPG), cropped · Sound: Olivier Grimm, CC BY-SA 4.0 (https://creativecommons.org/licenses/by-sa/4.0/), via Wikimedia Commons (https://commons.wikimedia.org/wiki/File:Cygnus_cygnus_-_Whooper_Swan_XC561008.mp3), trimmed and edited
Video licensed CC BY-SA 4.0 (https://creativecommons.org/licenses/by-sa/4.0/)

#birds #birdwatching #birdsong #birding #birdy #WhooperSwan #fåglar #fågelskådning","If YouTube will not take cover.jpg, choose the frame at 11.0 s: the ring at its fullest, before the reveal at 22.2 s (the bird is a blur there; the frame at 0 s shows no bird at all).",CC BY-SA 4.0,
2026-10-22,08:00,Europe/Stockholm,2026-10-22T08:00:00+02:00,Q25405,hooded-crow,Hooded Crow,Gråkråka,true,hooded-crow/see-the-song.mp4,hooded-crow/cover.jpg,hooded-crow/caption.json,"The Hooded Crow (Gråkråka) is a member of the crow family with black and ash-grey plumage.

Identify birds by sound with the free Birdy app. Link in bio.

Photo: Nicolas Weghaupt, CC0, via Wikimedia Commons, cropped · Sound: Qypchak, CC BY-SA 4.0, via Wikimedia Commons, trimmed and edited
Video licensed CC BY-SA 4.0 (https://creativecommons.org/licenses/by-sa/4.0/)

#birds #birdwatching #birdsong #birding #birdy #HoodedCrow #fåglar #fågelskådning","The Hooded Crow (Gråkråka) is a member of the crow family with black and ash-grey plumage.

Identify birds by sound with the free Birdy app. More about the Hooded Crow: https://birdy.community/species/hooded-crow/

Photo: Nicolas Weghaupt, CC0 (https://creativecommons.org/publicdomain/zero/1.0/), via Wikimedia Commons (https://commons.wikimedia.org/wiki/File:Corvus_cornix_Vienna.JPG), cropped · Sound: Qypchak, CC BY-SA 4.0 (https://creativecommons.org/licenses/by-sa/4.0/), via Wikimedia Commons (https://commons.wikimedia.org/wiki/File:%D0%9A%D0%B0%D1%80%D0%BA%D0%B0%D0%BD%D0%BD%D1%8F.ogg), trimmed and edited
Video licensed CC BY-SA 4.0 (https://creativecommons.org/licenses/by-sa/4.0/)

#birds #birdwatching #birdsong #birding #birdy #HoodedCrow #fåglar #fågelskådning",What does the Hooded Crow sound like? #shorts,"The Hooded Crow (Gråkråka) is a member of the crow family with black and ash-grey plumage.

Identify birds by sound with the free Birdy app. More about the Hooded Crow: https://birdy.community/species/hooded-crow/

Photo: Nicolas Weghaupt, CC0 (https://creativecommons.org/publicdomain/zero/1.0/), via Wikimedia Commons (https://commons.wikimedia.org/wiki/File:Corvus_cornix_Vienna.JPG), cropped · Sound: Qypchak, CC BY-SA 4.0 (https://creativecommons.org/licenses/by-sa/4.0/), via Wikimedia Commons (https://commons.wikimedia.org/wiki/File:%D0%9A%D0%B0%D1%80%D0%BA%D0%B0%D0%BD%D0%BD%D1%8F.ogg), trimmed and edited
Video licensed CC BY-SA 4.0 (https://creativecommons.org/licenses/by-sa/4.0/)

#birds #birdwatching #birdsong #birding #birdy #HoodedCrow #fåglar #fågelskådning","If YouTube will not take cover.jpg, choose the frame at 18.7 s: the ring at its fullest, before the reveal at 22.2 s (the bird is a blur there; the frame at 0 s shows no bird at all).",CC BY-SA 4.0,
2026-10-23,08:00,Europe/Stockholm,2026-10-23T08:00:00+02:00,Q26209,great-spotted-woodpecker,Great Spotted Woodpecker,Större hackspett,true,great-spotted-woodpecker/see-the-song.mp4,great-spotted-woodpecker/cover.jpg,great-spotted-woodpecker/caption.json,"The Great Spotted Woodpecker (Större hackspett) is a woodpecker with glossy blue-black upperparts, white shoulder patches and a red vent.

Identify birds by sound with the free Birdy app. Link in bio.

Photo: Hobbyfotowiki, CC0, via Wikimedia Commons, cropped · Sound: Alexander Kürthy, CC BY-SA 4.0, via Wikimedia Commons, trimmed and edited
Video licensed CC BY-SA 4.0 (https://creativecommons.org/licenses/by-sa/4.0/)

#birds #birdwatching #birdsong #birding #birdy #GreatSpottedWoodpecker #fåglar #fågelskådning","The Great Spotted Woodpecker (Större hackspett) is a woodpecker with glossy blue-black upperparts, white shoulder patches and a red vent.

Identify birds by sound with the free Birdy app. More about the Great Spotted Woodpecker: https://birdy.community/species/great-spotted-woodpecker/

Photo: Hobbyfotowiki, CC0 (https://creativecommons.org/publicdomain/zero/1.0/), via Wikimedia Commons (https://commons.wikimedia.org/wiki/File:Dendrocopos_major_%28feeding%29.jpg), cropped · Sound: Alexander Kürthy, CC BY-SA 4.0 (https://creativecommons.org/licenses/by-sa/4.0/), via Wikimedia Commons (https://commons.wikimedia.org/wiki/File:Dendrocopos_major_-_Great_Spotted_Woodpecker_XC309807.mp3), trimmed and edited
Video licensed CC BY-SA 4.0 (https://creativecommons.org/licenses/by-sa/4.0/)

#birds #birdwatching #birdsong #birding #birdy #GreatSpottedWoodpecker #fåglar #fågelskådning",What does the Great Spotted Woodpecker sound like? #shorts,"The Great Spotted Woodpecker (Större hackspett) is a woodpecker with glossy blue-black upperparts, white shoulder patches and a red vent.

Identify birds by sound with the free Birdy app. More about the Great Spotted Woodpecker: https://birdy.community/species/great-spotted-woodpecker/

Photo: Hobbyfotowiki, CC0 (https://creativecommons.org/publicdomain/zero/1.0/), via Wikimedia Commons (https://commons.wikimedia.org/wiki/File:Dendrocopos_major_%28feeding%29.jpg), cropped · Sound: Alexander Kürthy, CC BY-SA 4.0 (https://creativecommons.org/licenses/by-sa/4.0/), via Wikimedia Commons (https://commons.wikimedia.org/wiki/File:Dendrocopos_major_-_Great_Spotted_Woodpecker_XC309807.mp3), trimmed and edited
Video licensed CC BY-SA 4.0 (https://creativecommons.org/licenses/by-sa/4.0/)

#birds #birdwatching #birdsong #birding #birdy #GreatSpottedWoodpecker #fåglar #fågelskådning","If YouTube will not take cover.jpg, choose the frame at 8.2 s: the ring at its fullest, before the reveal at 22.2 s (the bird is a blur there; the frame at 0 s shows no bird at all).",CC BY-SA 4.0,
2026-10-24,08:00,Europe/Stockholm,2026-10-24T08:00:00+02:00,Q29865,common-goldeneye,Common Goldeneye,Knipa,true,common-goldeneye/see-the-song.mp4,common-goldeneye/cover.jpg,common-goldeneye/caption.json,"The Common Goldeneye (Knipa) is a medium-sized, compact diving duck with a large head.

Identify birds by sound with the free Birdy app. Link in bio.

Photo: U.S. Fish and Wildlife Service - Midwest Region, Public domain, via Wikimedia Commons, cropped · Sound: Pascal Christe, CC BY-SA 4.0, via Wikimedia Commons, trimmed and edited
Video licensed CC BY-SA 4.0 (https://creativecommons.org/licenses/by-sa/4.0/)

#birds #birdwatching #birdsong #birding #birdy #CommonGoldeneye #fåglar #fågelskådning","The Common Goldeneye (Knipa) is a medium-sized, compact diving duck with a large head.

Identify birds by sound with the free Birdy app. More about the Common Goldeneye: https://birdy.community/species/common-goldeneye/

Photo: U.S. Fish and Wildlife Service - Midwest Region, Public domain, via Wikimedia Commons (https://commons.wikimedia.org/wiki/File:Common_Goldeneye_%2834846532856%29.jpg), cropped · Sound: Pascal Christe, CC BY-SA 4.0 (https://creativecommons.org/licenses/by-sa/4.0/), via Wikimedia Commons (https://commons.wikimedia.org/wiki/File:Bucephala_clangula_-_Common_Goldeneye_XC518957.mp3), trimmed and edited
Video licensed CC BY-SA 4.0 (https://creativecommons.org/licenses/by-sa/4.0/)

#birds #birdwatching #birdsong #birding #birdy #CommonGoldeneye #fåglar #fågelskådning",What does the Common Goldeneye sound like? #shorts,"The Common Goldeneye (Knipa) is a medium-sized, compact diving duck with a large head.

Identify birds by sound with the free Birdy app. More about the Common Goldeneye: https://birdy.community/species/common-goldeneye/

Photo: U.S. Fish and Wildlife Service - Midwest Region, Public domain, via Wikimedia Commons (https://commons.wikimedia.org/wiki/File:Common_Goldeneye_%2834846532856%29.jpg), cropped · Sound: Pascal Christe, CC BY-SA 4.0 (https://creativecommons.org/licenses/by-sa/4.0/), via Wikimedia Commons (https://commons.wikimedia.org/wiki/File:Bucephala_clangula_-_Common_Goldeneye_XC518957.mp3), trimmed and edited
Video licensed CC BY-SA 4.0 (https://creativecommons.org/licenses/by-sa/4.0/)

#birds #birdwatching #birdsong #birding #birdy #CommonGoldeneye #fåglar #fågelskådning","If YouTube will not take cover.jpg, choose the frame at 13.9 s: the ring at its fullest, before the reveal at 22.2 s (the bird is a blur there; the frame at 0 s shows no bird at all).",CC BY-SA 4.0,
2026-10-25,08:00,Europe/Stockholm,2026-10-25T08:00:00+01:00,Q156767,eurasian-nuthatch,Eurasian Nuthatch,Nötväcka,true,eurasian-nuthatch/see-the-song.mp4,eurasian-nuthatch/cover.jpg,eurasian-nuthatch/caption.json,"The Eurasian Nuthatch (Nötväcka) is a stocky bird with a large head, short tail and long pointed bill.

Identify birds by sound with the free Birdy app. Link in bio.

Photo: Stephan Sprinz, CC BY 4.0, via Wikimedia Commons, cropped · Sound: Vulcano, CC BY-SA 3.0, via Wikimedia Commons, trimmed and edited
Video licensed CC BY-SA 4.0 (https://creativecommons.org/licenses/by-sa/4.0/)

#birds #birdwatching #birdsong #birding #birdy #EurasianNuthatch #fåglar #fågelskådning","The Eurasian Nuthatch (Nötväcka) is a stocky bird with a large head, short tail and long pointed bill.

Identify birds by sound with the free Birdy app. More about the Eurasian Nuthatch: https://birdy.community/species/eurasian-nuthatch/

Photo: Stephan Sprinz, CC BY 4.0 (https://creativecommons.org/licenses/by/4.0/), via Wikimedia Commons (https://commons.wikimedia.org/wiki/File:Kleiber_%28Sitta_europaea%29_im_Garten.jpg), cropped · Sound: Vulcano, CC BY-SA 3.0 (https://creativecommons.org/licenses/by-sa/3.0/), via Wikimedia Commons (https://commons.wikimedia.org/wiki/File:76_Pista_76_converted.ogg), trimmed and edited
Video licensed CC BY-SA 4.0 (https://creativecommons.org/licenses/by-sa/4.0/)

#birds #birdwatching #birdsong #birding #birdy #EurasianNuthatch #fåglar #fågelskådning",What does the Eurasian Nuthatch sound like? #shorts,"The Eurasian Nuthatch (Nötväcka) is a stocky bird with a large head, short tail and long pointed bill.

Identify birds by sound with the free Birdy app. More about the Eurasian Nuthatch: https://birdy.community/species/eurasian-nuthatch/

Photo: Stephan Sprinz, CC BY 4.0 (https://creativecommons.org/licenses/by/4.0/), via Wikimedia Commons (https://commons.wikimedia.org/wiki/File:Kleiber_%28Sitta_europaea%29_im_Garten.jpg), cropped · Sound: Vulcano, CC BY-SA 3.0 (https://creativecommons.org/licenses/by-sa/3.0/), via Wikimedia Commons (https://commons.wikimedia.org/wiki/File:76_Pista_76_converted.ogg), trimmed and edited
Video licensed CC BY-SA 4.0 (https://creativecommons.org/licenses/by-sa/4.0/)

#birds #birdwatching #birdsong #birding #birdy #EurasianNuthatch #fåglar #fågelskådning","If YouTube will not take cover.jpg, choose the frame at 7.6 s: the ring at its fullest, before the reveal at 22.2 s (the bird is a blur there; the frame at 0 s shows no bird at all).",CC BY-SA 4.0,
2026-10-26,08:00,Europe/Stockholm,2026-10-26T08:00:00+01:00,Q25307,eurasian-magpie,Eurasian Magpie,Skata,true,eurasian-magpie/see-the-song.mp4,eurasian-magpie/cover.jpg,eurasian-magpie/caption.json,"The Eurasian Magpie (Skata) is a member of the crow family with black and white plumage and a long, wedge-shaped tail.

Identify birds by sound with the free Birdy app. Link in bio.

Photo: Julian Herzog, CC BY 4.0, via Wikimedia Commons, cropped · Sound: Oona Räisänen (Mysid), Public domain, via Wikimedia Commons, trimmed and edited

#birds #birdwatching #birdsong #birding #birdy #EurasianMagpie #fåglar #fågelskådning","The Eurasian Magpie (Skata) is a member of the crow family with black and white plumage and a long, wedge-shaped tail.

Identify birds by sound with the free Birdy app. More about the Eurasian Magpie: https://birdy.community/species/eurasian-magpie/

Photo: Julian Herzog, CC BY 4.0 (https://creativecommons.org/licenses/by/4.0/), via Wikimedia Commons (https://commons.wikimedia.org/wiki/File:Eurasian_Magpie_Pica_Pica_Brackley_2025_01.jpg), cropped · Sound: Oona Räisänen (Mysid), Public domain, via Wikimedia Commons (https://commons.wikimedia.org/wiki/File:Pica_pica.ogg), trimmed and edited

#birds #birdwatching #birdsong #birding #birdy #EurasianMagpie #fåglar #fågelskådning",What does the Eurasian Magpie sound like? #shorts,"The Eurasian Magpie (Skata) is a member of the crow family with black and white plumage and a long, wedge-shaped tail.

Identify birds by sound with the free Birdy app. More about the Eurasian Magpie: https://birdy.community/species/eurasian-magpie/

Photo: Julian Herzog, CC BY 4.0 (https://creativecommons.org/licenses/by/4.0/), via Wikimedia Commons (https://commons.wikimedia.org/wiki/File:Eurasian_Magpie_Pica_Pica_Brackley_2025_01.jpg), cropped · Sound: Oona Räisänen (Mysid), Public domain, via Wikimedia Commons (https://commons.wikimedia.org/wiki/File:Pica_pica.ogg), trimmed and edited

#birds #birdwatching #birdsong #birding #birdy #EurasianMagpie #fåglar #fågelskådning","If YouTube will not take cover.jpg, choose the frame at 1.7 s: the ring at its fullest, before the reveal at 22.2 s (the bird is a blur there; the frame at 0 s shows no bird at all).",,
2026-10-27,08:00,Europe/Stockholm,2026-10-27T08:00:00+01:00,Q27075785,european-greenfinch,European Greenfinch,Grönfink,true,european-greenfinch/see-the-song.mp4,european-greenfinch/cover.jpg,european-greenfinch/caption.json,"The European Greenfinch (Grönfink) is a fairly compact finch with a heavy finch bill, mainly green with yellow in the wings and tail.

Identify birds by sound with the free Birdy app. Link in bio.

Photo: Martin Kunz, CC BY 4.0, via Wikimedia Commons, cropped · Sound: Vladimir Yu. Arkhipov, Arkhivov, CC BY-SA 3.0, via Wikimedia Commons, edited
Video licensed CC BY-SA 4.0 (https://creativecommons.org/licenses/by-sa/4.0/)

#birds #birdwatching #birdsong #birding #birdy #EuropeanGreenfinch #fåglar #fågelskådning","The European Greenfinch (Grönfink) is a fairly compact finch with a heavy finch bill, mainly green with yellow in the wings and tail.

Identify birds by sound with the free Birdy app. More about the European Greenfinch: https://birdy.community/species/european-greenfinch/

Photo: Martin Kunz, CC BY 4.0 (https://creativecommons.org/licenses/by/4.0/), via Wikimedia Commons (https://commons.wikimedia.org/wiki/File:Chloris_chloris_%28profile%29.jpg), cropped · Sound: Vladimir Yu. Arkhipov, Arkhivov, CC BY-SA 3.0 (https://creativecommons.org/licenses/by-sa/3.0/), via Wikimedia Commons (https://commons.wikimedia.org/wiki/File:Carduelis_chloris.ogg), edited
Video licensed CC BY-SA 4.0 (https://creativecommons.org/licenses/by-sa/4.0/)

#birds #birdwatching #birdsong #birding #birdy #EuropeanGreenfinch #fåglar #fågelskådning",What does the European Greenfinch sound like? #shorts,"The European Greenfinch (Grönfink) is a fairly compact finch with a heavy finch bill, mainly green with yellow in the wings and tail.

Identify birds by sound with the free Birdy app. More about the European Greenfinch: https://birdy.community/species/european-greenfinch/

Photo: Martin Kunz, CC BY 4.0 (https://creativecommons.org/licenses/by/4.0/), via Wikimedia Commons (https://commons.wikimedia.org/wiki/File:Chloris_chloris_%28profile%29.jpg), cropped · Sound: Vladimir Yu. Arkhipov, Arkhivov, CC BY-SA 3.0 (https://creativecommons.org/licenses/by-sa/3.0/), via Wikimedia Commons (https://commons.wikimedia.org/wiki/File:Carduelis_chloris.ogg), edited
Video licensed CC BY-SA 4.0 (https://creativecommons.org/licenses/by-sa/4.0/)

#birds #birdwatching #birdsong #birding #birdy #EuropeanGreenfinch #fåglar #fågelskådning","If YouTube will not take cover.jpg, choose the frame at 7.9 s: the ring at its fullest, before the reveal at 12.8 s (the bird is a blur there; the frame at 0 s shows no bird at all).",CC BY-SA 4.0,
2026-10-28,08:00,Europe/Stockholm,2026-10-28T08:00:00+01:00,Q25273,grey-heron,Grey Heron,Gråhäger,true,grey-heron/see-the-song.mp4,grey-heron/cover.jpg,grey-heron/caption.json,"The Grey Heron (Gråhäger) is a large, heavily built heron with a long S-shaped neck, long legs and a long dagger-shaped bill.

Identify birds by sound with the free Birdy app. Link in bio.

Photo: Jebulon, CC0, via Wikimedia Commons, cropped · Sound: Joost van Bruggen, CC BY-SA 4.0, via Wikimedia Commons, edited
Video licensed CC BY-SA 4.0 (https://creativecommons.org/licenses/by-sa/4.0/)

#birds #birdwatching #birdsong #birding #birdy #GreyHeron #fåglar #fågelskådning","The Grey Heron (Gråhäger) is a large, heavily built heron with a long S-shaped neck, long legs and a long dagger-shaped bill.

Identify birds by sound with the free Birdy app. More about the Grey Heron: https://birdy.community/species/grey-heron/

Photo: Jebulon, CC0 (https://creativecommons.org/publicdomain/zero/1.0/), via Wikimedia Commons (https://commons.wikimedia.org/wiki/File:H%C3%A9ron_cendr%C3%A9_Ardea_cinerea_Tiergarten_Sch%C3%B6nbrunn.jpg), cropped · Sound: Joost van Bruggen, CC BY-SA 4.0 (https://creativecommons.org/licenses/by-sa/4.0/), via Wikimedia Commons (https://commons.wikimedia.org/wiki/File:Ardea_cinerea_-_Grey_Heron_XC432231.mp3), edited
Video licensed CC BY-SA 4.0 (https://creativecommons.org/licenses/by-sa/4.0/)

#birds #birdwatching #birdsong #birding #birdy #GreyHeron #fåglar #fågelskådning",What does the Grey Heron sound like? #shorts,"The Grey Heron (Gråhäger) is a large, heavily built heron with a long S-shaped neck, long legs and a long dagger-shaped bill.

Identify birds by sound with the free Birdy app. More about the Grey Heron: https://birdy.community/species/grey-heron/

Photo: Jebulon, CC0 (https://creativecommons.org/publicdomain/zero/1.0/), via Wikimedia Commons (https://commons.wikimedia.org/wiki/File:H%C3%A9ron_cendr%C3%A9_Ardea_cinerea_Tiergarten_Sch%C3%B6nbrunn.jpg), cropped · Sound: Joost van Bruggen, CC BY-SA 4.0 (https://creativecommons.org/licenses/by-sa/4.0/), via Wikimedia Commons (https://commons.wikimedia.org/wiki/File:Ardea_cinerea_-_Grey_Heron_XC432231.mp3), edited
Video licensed CC BY-SA 4.0 (https://creativecommons.org/licenses/by-sa/4.0/)

#birds #birdwatching #birdsong #birding #birdy #GreyHeron #fåglar #fågelskådning","If YouTube will not take cover.jpg, choose the frame at 4.0 s: the ring at its fullest, before the reveal at 15.7 s (the bird is a blur there; the frame at 0 s shows no bird at all).",CC BY-SA 4.0,
2026-10-29,08:00,Europe/Stockholm,2026-10-29T08:00:00+01:00,Q25402,mute-swan,Mute Swan,Knölsvan,true,mute-swan/see-the-song.mp4,mute-swan/cover.jpg,mute-swan/caption.json,"The Mute Swan (Knölsvan) is a large white swan with an orange and black bill and a black knob at its base.

Identify birds by sound with the free Birdy app. Link in bio.

Photo: Charles J. Sharp, CC BY-SA 4.0, via Wikimedia Commons, cropped · Sound: Joost van Bruggen, CC BY-SA 4.0, via Wikimedia Commons, trimmed and edited
Video licensed CC BY-SA 4.0 (https://creativecommons.org/licenses/by-sa/4.0/)

#birds #birdwatching #birdsong #birding #birdy #MuteSwan #fåglar #fågelskådning","The Mute Swan (Knölsvan) is a large white swan with an orange and black bill and a black knob at its base.

Identify birds by sound with the free Birdy app. More about the Mute Swan: https://birdy.community/species/mute-swan/

Photo: Charles J. Sharp, CC BY-SA 4.0 (https://creativecommons.org/licenses/by-sa/4.0/), via Wikimedia Commons (https://commons.wikimedia.org/wiki/File:Mute_swan_%28Cygnus_olor%29_taking_off.jpg), cropped · Sound: Joost van Bruggen, CC BY-SA 4.0 (https://creativecommons.org/licenses/by-sa/4.0/), via Wikimedia Commons (https://commons.wikimedia.org/wiki/File:Cygnus_olor_-_Mute_Swan_XC434964.mp3), trimmed and edited
Video licensed CC BY-SA 4.0 (https://creativecommons.org/licenses/by-sa/4.0/)

#birds #birdwatching #birdsong #birding #birdy #MuteSwan #fåglar #fågelskådning",What does the Mute Swan sound like? #shorts,"The Mute Swan (Knölsvan) is a large white swan with an orange and black bill and a black knob at its base.

Identify birds by sound with the free Birdy app. More about the Mute Swan: https://birdy.community/species/mute-swan/

Photo: Charles J. Sharp, CC BY-SA 4.0 (https://creativecommons.org/licenses/by-sa/4.0/), via Wikimedia Commons (https://commons.wikimedia.org/wiki/File:Mute_swan_%28Cygnus_olor%29_taking_off.jpg), cropped · Sound: Joost van Bruggen, CC BY-SA 4.0 (https://creativecommons.org/licenses/by-sa/4.0/), via Wikimedia Commons (https://commons.wikimedia.org/wiki/File:Cygnus_olor_-_Mute_Swan_XC434964.mp3), trimmed and edited
Video licensed CC BY-SA 4.0 (https://creativecommons.org/licenses/by-sa/4.0/)

#birds #birdwatching #birdsong #birding #birdy #MuteSwan #fåglar #fågelskådning","If YouTube will not take cover.jpg, choose the frame at 9.9 s: the ring at its fullest, before the reveal at 22.2 s (the bird is a blur there; the frame at 0 s shows no bird at all).",CC BY-SA 4.0,
2026-10-30,08:00,Europe/Stockholm,2026-10-30T08:00:00+01:00,Q25740,eurasian-wren,Eurasian Wren,Gärdsmyg,true,eurasian-wren/see-the-song.mp4,eurasian-wren/cover.jpg,eurasian-wren/caption.json,"The Eurasian Wren (Gärdsmyg) is a very small brown songbird with a short tail that is often held cocked.

Identify birds by sound with the free Birdy app. Link in bio.

Photo: Alexis Lours, CC BY 4.0, via Wikimedia Commons, cropped · Sound: Grantus4504, CC BY-SA 3.0, via Wikimedia Commons, edited
Video licensed CC BY-SA 4.0 (https://creativecommons.org/licenses/by-sa/4.0/)

#birds #birdwatching #birdsong #birding #birdy #EurasianWren #fåglar #fågelskådning","The Eurasian Wren (Gärdsmyg) is a very small brown songbird with a short tail that is often held cocked.

Identify birds by sound with the free Birdy app. More about the Eurasian Wren: https://birdy.community/species/eurasian-wren/

Photo: Alexis Lours, CC BY 4.0 (https://creativecommons.org/licenses/by/4.0/), via Wikimedia Commons (https://commons.wikimedia.org/wiki/File:Eurasian_wren_%28Troglodytes_troglodytes%29.jpg), cropped · Sound: Grantus4504, CC BY-SA 3.0 (https://creativecommons.org/licenses/by-sa/3.0/), via Wikimedia Commons (https://commons.wikimedia.org/wiki/File:Troglodytes_troglodytes_song.ogg), edited
Video licensed CC BY-SA 4.0 (https://creativecommons.org/licenses/by-sa/4.0/)

#birds #birdwatching #birdsong #birding #birdy #EurasianWren #fåglar #fågelskådning",What does the Eurasian Wren sound like? #shorts,"The Eurasian Wren (Gärdsmyg) is a very small brown songbird with a short tail that is often held cocked.

Identify birds by sound with the free Birdy app. More about the Eurasian Wren: https://birdy.community/species/eurasian-wren/

Photo: Alexis Lours, CC BY 4.0 (https://creativecommons.org/licenses/by/4.0/), via Wikimedia Commons (https://commons.wikimedia.org/wiki/File:Eurasian_wren_%28Troglodytes_troglodytes%29.jpg), cropped · Sound: Grantus4504, CC BY-SA 3.0 (https://creativecommons.org/licenses/by-sa/3.0/), via Wikimedia Commons (https://commons.wikimedia.org/wiki/File:Troglodytes_troglodytes_song.ogg), edited
Video licensed CC BY-SA 4.0 (https://creativecommons.org/licenses/by-sa/4.0/)

#birds #birdwatching #birdsong #birding #birdy #EurasianWren #fåglar #fågelskådning","If YouTube will not take cover.jpg, choose the frame at 3.8 s: the ring at its fullest, before the reveal at 21.8 s (the bird is a blur there; the frame at 0 s shows no bird at all).",CC BY-SA 4.0,
2026-10-31,08:00,Europe/Stockholm,2026-10-31T08:00:00+01:00,Q26135,bohemian-waxwing,Bohemian Waxwing,Sidensvans,true,bohemian-waxwing/see-the-song.mp4,bohemian-waxwing/cover.jpg,bohemian-waxwing/caption.json,"The Bohemian Waxwing (Sidensvans) is a compact, reddish-grey bird with a very long crest on its head.

Identify birds by sound with the free Birdy app. Link in bio.

Photo: Аимаина хикари, CC0, via Wikimedia Commons, cropped · Sound: Bushman, CC BY-SA 3.0, via Wikimedia Commons, trimmed and edited
Video licensed CC BY-SA 4.0 (https://creativecommons.org/licenses/by-sa/4.0/)

#birds #birdwatching #birdsong #birding #birdy #BohemianWaxwing #fåglar #fågelskådning","The Bohemian Waxwing (Sidensvans) is a compact, reddish-grey bird with a very long crest on its head.

Identify birds by sound with the free Birdy app. More about the Bohemian Waxwing: https://birdy.community/species/bohemian-waxwing/

Photo: Аимаина хикари, CC0 (https://creativecommons.org/publicdomain/zero/1.0/), via Wikimedia Commons (https://commons.wikimedia.org/wiki/File:Bombycilla_garrulus_Kiev1.jpg), cropped · Sound: Bushman, CC BY-SA 3.0 (https://creativecommons.org/licenses/by-sa/3.0/), via Wikimedia Commons (https://commons.wikimedia.org/wiki/File:Bombycilla_garrulus_-_Bohemian_Waxwing_XC132884.ogg), trimmed and edited
Video licensed CC BY-SA 4.0 (https://creativecommons.org/licenses/by-sa/4.0/)

#birds #birdwatching #birdsong #birding #birdy #BohemianWaxwing #fåglar #fågelskådning",What does the Bohemian Waxwing sound like? #shorts,"The Bohemian Waxwing (Sidensvans) is a compact, reddish-grey bird with a very long crest on its head.

Identify birds by sound with the free Birdy app. More about the Bohemian Waxwing: https://birdy.community/species/bohemian-waxwing/

Photo: Аимаина хикари, CC0 (https://creativecommons.org/publicdomain/zero/1.0/), via Wikimedia Commons (https://commons.wikimedia.org/wiki/File:Bombycilla_garrulus_Kiev1.jpg), cropped · Sound: Bushman, CC BY-SA 3.0 (https://creativecommons.org/licenses/by-sa/3.0/), via Wikimedia Commons (https://commons.wikimedia.org/wiki/File:Bombycilla_garrulus_-_Bohemian_Waxwing_XC132884.ogg), trimmed and edited
Video licensed CC BY-SA 4.0 (https://creativecommons.org/licenses/by-sa/4.0/)

#birds #birdwatching #birdsong #birding #birdy #BohemianWaxwing #fåglar #fågelskådning","If YouTube will not take cover.jpg, choose the frame at 2.3 s: the ring at its fullest, before the reveal at 22.2 s (the bird is a blur there; the frame at 0 s shows no bird at all).",CC BY-SA 4.0,
2026-11-01,08:00,Europe/Stockholm,2026-11-01T08:00:00+01:00,Q25418,european-goldfinch,European Goldfinch,Steglits,true,european-goldfinch/see-the-song.mp4,european-goldfinch/cover.jpg,european-goldfinch/caption.json,"The European Goldfinch (Steglits) is a partly migratory finch that breeds in Sweden, in open landscapes with trees, gardens and orchards.

Identify birds by sound with the free Birdy app. Link in bio.

Photo: Isiwal, CC BY-SA 4.0, via Wikimedia Commons, cropped · Sound: Sander Pieterse, CC BY-SA 4.0, via Wikimedia Commons, trimmed and edited
Video licensed CC BY-SA 4.0 (https://creativecommons.org/licenses/by-sa/4.0/)

#birds #birdwatching #birdsong #birding #birdy #EuropeanGoldfinch #fåglar #fågelskådning","The European Goldfinch (Steglits) is a partly migratory finch that breeds in Sweden, in open landscapes with trees, gardens and orchards.

Identify birds by sound with the free Birdy app. More about the European Goldfinch: https://birdy.community/species/european-goldfinch/

Photo: Isiwal, CC BY-SA 4.0 (https://creativecommons.org/licenses/by-sa/4.0/), via Wikimedia Commons (https://commons.wikimedia.org/wiki/File:Stieglitz_Carduelis_carduelis-8189.jpg), cropped · Sound: Sander Pieterse, CC BY-SA 4.0 (https://creativecommons.org/licenses/by-sa/4.0/), via Wikimedia Commons (https://commons.wikimedia.org/wiki/File:XC101464_-_Putter_-_Carduelis_carduelis.ogg), trimmed and edited
Video licensed CC BY-SA 4.0 (https://creativecommons.org/licenses/by-sa/4.0/)

#birds #birdwatching #birdsong #birding #birdy #EuropeanGoldfinch #fåglar #fågelskådning",What does the European Goldfinch sound like? #shorts,"The European Goldfinch (Steglits) is a partly migratory finch that breeds in Sweden, in open landscapes with trees, gardens and orchards.

Identify birds by sound with the free Birdy app. More about the European Goldfinch: https://birdy.community/species/european-goldfinch/

Photo: Isiwal, CC BY-SA 4.0 (https://creativecommons.org/licenses/by-sa/4.0/), via Wikimedia Commons (https://commons.wikimedia.org/wiki/File:Stieglitz_Carduelis_carduelis-8189.jpg), cropped · Sound: Sander Pieterse, CC BY-SA 4.0 (https://creativecommons.org/licenses/by-sa/4.0/), via Wikimedia Commons (https://commons.wikimedia.org/wiki/File:XC101464_-_Putter_-_Carduelis_carduelis.ogg), trimmed and edited
Video licensed CC BY-SA 4.0 (https://creativecommons.org/licenses/by-sa/4.0/)

#birds #birdwatching #birdsong #birding #birdy #EuropeanGoldfinch #fåglar #fågelskådning","If YouTube will not take cover.jpg, choose the frame at 13.3 s: the ring at its fullest, before the reveal at 22.2 s (the bird is a blur there; the frame at 0 s shows no bird at all).",CC BY-SA 4.0,
2026-11-02,08:00,Europe/Stockholm,2026-11-02T08:00:00+01:00,Q25357,northern-raven,Northern Raven,Korp,true,northern-raven/see-the-song.mp4,northern-raven/cover.jpg,northern-raven/caption.json,"The Northern Raven (Korp) is a crow-family bird with mostly black, iridescent plumage and a very heavy bill.

Identify birds by sound with the free Birdy app. Link in bio.

Photo: Diliff, CC BY-SA 3.0, via Wikimedia Commons, cropped · Sound: Jonathon Jongsma, CC BY-SA 3.0, via Wikimedia Commons, trimmed and edited
Video licensed CC BY-SA 4.0 (https://creativecommons.org/licenses/by-sa/4.0/)

#birds #birdwatching #birdsong #birding #birdy #NorthernRaven #fåglar #fågelskådning","The Northern Raven (Korp) is a crow-family bird with mostly black, iridescent plumage and a very heavy bill.

Identify birds by sound with the free Birdy app. More about the Northern Raven: https://birdy.community/species/northern-raven/

Photo: Diliff, CC BY-SA 3.0 (https://creativecommons.org/licenses/by-sa/3.0/), via Wikimedia Commons (https://commons.wikimedia.org/wiki/File:Corvus_corax_%28Common_Raven%29,_Yosemite_NP,_CA,_US_-_Diliff.jpg), cropped · Sound: Jonathon Jongsma, CC BY-SA 3.0 (https://creativecommons.org/licenses/by-sa/3.0/), via Wikimedia Commons (https://commons.wikimedia.org/wiki/File:Corvus_corax_-_Northern_Raven_-_XC110257.ogg), trimmed and edited
Video licensed CC BY-SA 4.0 (https://creativecommons.org/licenses/by-sa/4.0/)

#birds #birdwatching #birdsong #birding #birdy #NorthernRaven #fåglar #fågelskådning",What does the Northern Raven sound like? #shorts,"The Northern Raven (Korp) is a crow-family bird with mostly black, iridescent plumage and a very heavy bill.

Identify birds by sound with the free Birdy app. More about the Northern Raven: https://birdy.community/species/northern-raven/

Photo: Diliff, CC BY-SA 3.0 (https://creativecommons.org/licenses/by-sa/3.0/), via Wikimedia Commons (https://commons.wikimedia.org/wiki/File:Corvus_corax_%28Common_Raven%29,_Yosemite_NP,_CA,_US_-_Diliff.jpg), cropped · Sound: Jonathon Jongsma, CC BY-SA 3.0 (https://creativecommons.org/licenses/by-sa/3.0/), via Wikimedia Commons (https://commons.wikimedia.org/wiki/File:Corvus_corax_-_Northern_Raven_-_XC110257.ogg), trimmed and edited
Video licensed CC BY-SA 4.0 (https://creativecommons.org/licenses/by-sa/4.0/)

#birds #birdwatching #birdsong #birding #birdy #NorthernRaven #fåglar #fågelskådning","If YouTube will not take cover.jpg, choose the frame at 15.6 s: the ring at its fullest, before the reveal at 22.2 s (the bird is a blur there; the frame at 0 s shows no bird at all).",CC BY-SA 4.0,
2026-11-03,08:00,Europe/Stockholm,2026-11-03T08:00:00+01:00,Q25777,fieldfare,Fieldfare,Björktrast,true,fieldfare/see-the-song.mp4,fieldfare/cover.jpg,fieldfare/caption.json,"The Fieldfare (Björktrast) is a long-tailed, heavily built thrush that breeds in large numbers all over Sweden.

Identify birds by sound with the free Birdy app. Link in bio.

Photo: Kathy Büscher, CC BY 2.0, via Wikimedia Commons, cropped · Sound: Benoît Van Hecke, CC BY-SA 4.0, via Wikimedia Commons, edited
Video licensed CC BY-SA 4.0 (https://creativecommons.org/licenses/by-sa/4.0/)

#birds #birdwatching #birdsong #birding #birdy #Fieldfare #fåglar #fågelskådning","The Fieldfare (Björktrast) is a long-tailed, heavily built thrush that breeds in large numbers all over Sweden.

Identify birds by sound with the free Birdy app. More about the Fieldfare: https://birdy.community/species/fieldfare/

Photo: Kathy Büscher, CC BY 2.0 (https://creativecommons.org/licenses/by/2.0/), via Wikimedia Commons (https://commons.wikimedia.org/wiki/File:Drossel_%281%29_%2835020696255%29.jpg), cropped · Sound: Benoît Van Hecke, CC BY-SA 4.0 (https://creativecommons.org/licenses/by-sa/4.0/), via Wikimedia Commons (https://commons.wikimedia.org/wiki/File:Turdus_pilaris_-_Fieldfare_XC531160.mp3), edited
Video licensed CC BY-SA 4.0 (https://creativecommons.org/licenses/by-sa/4.0/)

#birds #birdwatching #birdsong #birding #birdy #Fieldfare #fåglar #fågelskådning",What does the Fieldfare sound like? #shorts,"The Fieldfare (Björktrast) is a long-tailed, heavily built thrush that breeds in large numbers all over Sweden.

Identify birds by sound with the free Birdy app. More about the Fieldfare: https://birdy.community/species/fieldfare/

Photo: Kathy Büscher, CC BY 2.0 (https://creativecommons.org/licenses/by/2.0/), via Wikimedia Commons (https://commons.wikimedia.org/wiki/File:Drossel_%281%29_%2835020696255%29.jpg), cropped · Sound: Benoît Van Hecke, CC BY-SA 4.0 (https://creativecommons.org/licenses/by-sa/4.0/), via Wikimedia Commons (https://commons.wikimedia.org/wiki/File:Turdus_pilaris_-_Fieldfare_XC531160.mp3), edited
Video licensed CC BY-SA 4.0 (https://creativecommons.org/licenses/by-sa/4.0/)

#birds #birdwatching #birdsong #birding #birdy #Fieldfare #fåglar #fågelskådning","If YouTube will not take cover.jpg, choose the frame at 1.5 s: the ring at its fullest, before the reveal at 18.0 s (the bird is a blur there; the frame at 0 s shows no bird at all).",CC BY-SA 4.0,
2026-11-04,08:00,Europe/Stockholm,2026-11-04T08:00:00+01:00,Q25382,eurasian-bullfinch,Eurasian Bullfinch,Domherre,true,eurasian-bullfinch/see-the-song.mp4,eurasian-bullfinch/cover.jpg,eurasian-bullfinch/caption.json,"The Eurasian Bullfinch (Domherre) is a fairly large, sturdily built finch of coniferous and mixed forest.

Identify birds by sound with the free Birdy app. Link in bio.

Photo: Estormiz, CC0, via Wikimedia Commons, cropped · Sound: Benoît Van Hecke, CC BY-SA 4.0, via Wikimedia Commons, edited
Video licensed CC BY-SA 4.0 (https://creativecommons.org/licenses/by-sa/4.0/)

#birds #birdwatching #birdsong #birding #birdy #EurasianBullfinch #fåglar #fågelskådning","The Eurasian Bullfinch (Domherre) is a fairly large, sturdily built finch of coniferous and mixed forest.

Identify birds by sound with the free Birdy app. More about the Eurasian Bullfinch: https://birdy.community/species/eurasian-bullfinch/

Photo: Estormiz, CC0 (https://creativecommons.org/publicdomain/zero/1.0/), via Wikimedia Commons (https://commons.wikimedia.org/wiki/File:Pyrrhula_Pyrrhula_Kittil%C3%A4_20170408_01.jpg), cropped · Sound: Benoît Van Hecke, CC BY-SA 4.0 (https://creativecommons.org/licenses/by-sa/4.0/), via Wikimedia Commons (https://commons.wikimedia.org/wiki/File:Pyrrhula_pyrrhula_-_Eurasian_Bullfinch_XC539302.mp3), edited
Video licensed CC BY-SA 4.0 (https://creativecommons.org/licenses/by-sa/4.0/)

#birds #birdwatching #birdsong #birding #birdy #EurasianBullfinch #fåglar #fågelskådning",What does the Eurasian Bullfinch sound like? #shorts,"The Eurasian Bullfinch (Domherre) is a fairly large, sturdily built finch of coniferous and mixed forest.

Identify birds by sound with the free Birdy app. More about the Eurasian Bullfinch: https://birdy.community/species/eurasian-bullfinch/

Photo: Estormiz, CC0 (https://creativecommons.org/publicdomain/zero/1.0/), via Wikimedia Commons (https://commons.wikimedia.org/wiki/File:Pyrrhula_Pyrrhula_Kittil%C3%A4_20170408_01.jpg), cropped · Sound: Benoît Van Hecke, CC BY-SA 4.0 (https://creativecommons.org/licenses/by-sa/4.0/), via Wikimedia Commons (https://commons.wikimedia.org/wiki/File:Pyrrhula_pyrrhula_-_Eurasian_Bullfinch_XC539302.mp3), edited
Video licensed CC BY-SA 4.0 (https://creativecommons.org/licenses/by-sa/4.0/)

#birds #birdwatching #birdsong #birding #birdy #EurasianBullfinch #fåglar #fågelskådning","If YouTube will not take cover.jpg, choose the frame at 18.6 s: the ring at its fullest, before the reveal at 21.3 s (the bird is a blur there; the frame at 0 s shows no bird at all).",CC BY-SA 4.0,
2026-11-05,08:00,Europe/Stockholm,2026-11-05T08:00:00+01:00,Q28236,european-herring-gull,European Herring Gull,Gråtrut,true,european-herring-gull/see-the-song.mp4,european-herring-gull/cover.jpg,european-herring-gull/caption.json,"The European Herring Gull (Gråtrut) is a gull with a white head and grey wings that breeds commonly around the Swedish coasts.

Identify birds by sound with the free Birdy app. Link in bio.

Photo: Marie-Lan Taÿ Pamart, CC BY 4.0, via Wikimedia Commons, cropped · Sound: Marie-Lan Taÿ Pamart, CC BY-SA 4.0, via Wikimedia Commons, trimmed and edited
Video licensed CC BY-SA 4.0 (https://creativecommons.org/licenses/by-sa/4.0/)

#birds #birdwatching #birdsong #birding #birdy #EuropeanHerringGull #fåglar #fågelskådning","The European Herring Gull (Gråtrut) is a gull with a white head and grey wings that breeds commonly around the Swedish coasts.

Identify birds by sound with the free Birdy app. More about the European Herring Gull: https://birdy.community/species/european-herring-gull/

Photo: Marie-Lan Taÿ Pamart, CC BY 4.0 (https://creativecommons.org/licenses/by/4.0/), via Wikimedia Commons (https://commons.wikimedia.org/wiki/File:Larus_argentatus_Tuileries_20180324_t144119.jpg), cropped · Sound: Marie-Lan Taÿ Pamart, CC BY-SA 4.0 (https://creativecommons.org/licenses/by-sa/4.0/), via Wikimedia Commons (https://commons.wikimedia.org/wiki/File:Larus_argentatus_-_European_Herring_Gull_XC488995.mp3), trimmed and edited
Video licensed CC BY-SA 4.0 (https://creativecommons.org/licenses/by-sa/4.0/)

#birds #birdwatching #birdsong #birding #birdy #EuropeanHerringGull #fåglar #fågelskådning",What does the European Herring Gull sound like? #shorts,"The European Herring Gull (Gråtrut) is a gull with a white head and grey wings that breeds commonly around the Swedish coasts.

Identify birds by sound with the free Birdy app. More about the European Herring Gull: https://birdy.community/species/european-herring-gull/

Photo: Marie-Lan Taÿ Pamart, CC BY 4.0 (https://creativecommons.org/licenses/by/4.0/), via Wikimedia Commons (https://commons.wikimedia.org/wiki/File:Larus_argentatus_Tuileries_20180324_t144119.jpg), cropped · Sound: Marie-Lan Taÿ Pamart, CC BY-SA 4.0 (https://creativecommons.org/licenses/by-sa/4.0/), via Wikimedia Commons (https://commons.wikimedia.org/wiki/File:Larus_argentatus_-_European_Herring_Gull_XC488995.mp3), trimmed and edited
Video licensed CC BY-SA 4.0 (https://creativecommons.org/licenses/by-sa/4.0/)

#birds #birdwatching #birdsong #birding #birdy #EuropeanHerringGull #fåglar #fågelskådning","If YouTube will not take cover.jpg, choose the frame at 0.8 s: the ring at its fullest, before the reveal at 22.2 s (the bird is a blur there; the frame at 0 s shows no bird at all).",CC BY-SA 4.0,
2026-11-06,08:00,Europe/Stockholm,2026-11-06T08:00:00+01:00,Q26205,yellowhammer,Yellowhammer,Gulsparv,true,yellowhammer/see-the-song.mp4,yellowhammer/cover.jpg,yellowhammer/caption.json,"The Yellowhammer (Gulsparv) is a long-tailed bunting with yellow tones in its plumage.

Identify birds by sound with the free Birdy app. Link in bio.

Photo: Sunny365days, CC BY 4.0, via Wikimedia Commons, cropped · Sound: Benoît Van Hecke, CC BY-SA 4.0, via Wikimedia Commons, trimmed and edited
Video licensed CC BY-SA 4.0 (https://creativecommons.org/licenses/by-sa/4.0/)

#birds #birdwatching #birdsong #birding #birdy #Yellowhammer #fåglar #fågelskådning","The Yellowhammer (Gulsparv) is a long-tailed bunting with yellow tones in its plumage.

Identify birds by sound with the free Birdy app. More about the Yellowhammer: https://birdy.community/species/yellowhammer/

Photo: Sunny365days, CC BY 4.0 (https://creativecommons.org/licenses/by/4.0/), via Wikimedia Commons (https://commons.wikimedia.org/wiki/File:Emberiza_citrinella_IMG_4214_01.jpg), cropped · Sound: Benoît Van Hecke, CC BY-SA 4.0 (https://creativecommons.org/licenses/by-sa/4.0/), via Wikimedia Commons (https://commons.wikimedia.org/wiki/File:Emberiza_citrinella_-_Yellowhammer_XC531170.mp3), trimmed and edited
Video licensed CC BY-SA 4.0 (https://creativecommons.org/licenses/by-sa/4.0/)

#birds #birdwatching #birdsong #birding #birdy #Yellowhammer #fåglar #fågelskådning",What does the Yellowhammer sound like? #shorts,"The Yellowhammer (Gulsparv) is a long-tailed bunting with yellow tones in its plumage.

Identify birds by sound with the free Birdy app. More about the Yellowhammer: https://birdy.community/species/yellowhammer/

Photo: Sunny365days, CC BY 4.0 (https://creativecommons.org/licenses/by/4.0/), via Wikimedia Commons (https://commons.wikimedia.org/wiki/File:Emberiza_citrinella_IMG_4214_01.jpg), cropped · Sound: Benoît Van Hecke, CC BY-SA 4.0 (https://creativecommons.org/licenses/by-sa/4.0/), via Wikimedia Commons (https://commons.wikimedia.org/wiki/File:Emberiza_citrinella_-_Yellowhammer_XC531170.mp3), trimmed and edited
Video licensed CC BY-SA 4.0 (https://creativecommons.org/licenses/by-sa/4.0/)

#birds #birdwatching #birdsong #birding #birdy #Yellowhammer #fåglar #fågelskådning","If YouTube will not take cover.jpg, choose the frame at 2.3 s: the ring at its fullest, before the reveal at 22.2 s (the bird is a blur there; the frame at 0 s shows no bird at all).",CC BY-SA 4.0,
2026-11-07,08:00,Europe/Stockholm,2026-11-07T08:00:00+01:00,Q188877,brambling,Brambling,Bergfink,true,brambling/see-the-song.mp4,brambling/cover.jpg,brambling/caption.json,"The Brambling (Bergfink) is a finch that breeds in coniferous, birch and mixed forest, in Sweden mainly in the forests and mountains of Norrland.

Identify birds by sound with the free Birdy app. Link in bio.

Photo: TRinaud, CC BY 4.0, via Wikimedia Commons, cropped · Sound: Alexander Kurthy, CC BY-SA 4.0, via Wikimedia Commons, trimmed and edited
Video licensed CC BY-SA 4.0 (https://creativecommons.org/licenses/by-sa/4.0/)

#birds #birdwatching #birdsong #birding #birdy #Brambling #fåglar #fågelskådning","The Brambling (Bergfink) is a finch that breeds in coniferous, birch and mixed forest, in Sweden mainly in the forests and mountains of Norrland.

Identify birds by sound with the free Birdy app. More about the Brambling: https://birdy.community/species/brambling/

Photo: TRinaud, CC BY 4.0 (https://creativecommons.org/licenses/by/4.0/), via Wikimedia Commons (https://commons.wikimedia.org/wiki/File:Brambling_%28Fringilla_montifringilla%29_2021.jpg), cropped · Sound: Alexander Kurthy, CC BY-SA 4.0 (https://creativecommons.org/licenses/by-sa/4.0/), via Wikimedia Commons (https://commons.wikimedia.org/wiki/File:Fringilla_montifringilla_-_Brambling_XC108349.mp3), trimmed and edited
Video licensed CC BY-SA 4.0 (https://creativecommons.org/licenses/by-sa/4.0/)

#birds #birdwatching #birdsong #birding #birdy #Brambling #fåglar #fågelskådning",What does the Brambling sound like? #shorts,"The Brambling (Bergfink) is a finch that breeds in coniferous, birch and mixed forest, in Sweden mainly in the forests and mountains of Norrland.

Identify birds by sound with the free Birdy app. More about the Brambling: https://birdy.community/species/brambling/

Photo: TRinaud, CC BY 4.0 (https://creativecommons.org/licenses/by/4.0/), via Wikimedia Commons (https://commons.wikimedia.org/wiki/File:Brambling_%28Fringilla_montifringilla%29_2021.jpg), cropped · Sound: Alexander Kurthy, CC BY-SA 4.0 (https://creativecommons.org/licenses/by-sa/4.0/), via Wikimedia Commons (https://commons.wikimedia.org/wiki/File:Fringilla_montifringilla_-_Brambling_XC108349.mp3), trimmed and edited
Video licensed CC BY-SA 4.0 (https://creativecommons.org/licenses/by-sa/4.0/)

#birds #birdwatching #birdsong #birding #birdy #Brambling #fåglar #fågelskådning","If YouTube will not take cover.jpg, choose the frame at 3.6 s: the ring at its fullest, before the reveal at 22.2 s (the bird is a blur there; the frame at 0 s shows no bird at all).",CC BY-SA 4.0,
