Art,QID,Rad,Kontroll,Typ,Id,Ämne,Faktum,Källa,Citat,Beslut,Kommentar,Publicerad,Dragning
Entita,Q207838,stickprov,,art,*,hela arten,behåll här gäller alla rader nedan som lämnas tomma,,,behåll,,2026-10-07,1
Entita,Q207838,stickprov,,faktum,f01,storlek,"Entitan är 11,5–13 centimeter lång, har ett vingspann på 18–20 centimeter och väger cirka 11 gram.",sv: https://sv.wikipedia.org/w/index.php?oldid=59400833,"Den har en längd på 11,5–13 centimeter, ett vingspann på 18–20 centimeter och en vikt på cirka 11 gram.",,,2026-10-07,1
Entita,Q207838,stickprov,,faktum,f02,storlek,I storlek ligger entitan mellan talgoxe och blåmes.,de: https://de.wikipedia.org/w/index.php?oldid=265343303,"Die Sumpfmeise steht mit 11,5 bis 13 cm Körperlänge in der Größe zwischen Kohl- und Blaumeise.",,,2026-10-07,1
Entita,Q207838,stickprov,,faktum,f03,utseende,Entitan är en liten kompakt fågel med proportionellt stort huvud och fyllig nacke.,sv: https://sv.wikipedia.org/w/index.php?oldid=59400833,"Entitan är en liten kompakt fågel, med ett proportionellt stort huvud och fyllig nacke.",,,2026-10-07,1
Entita,Q207838,stickprov,,faktum,f04,utseende,Den har en svart hätta på huvudet som sträcker sig ned till ögat.,sv: https://sv.wikipedia.org/w/index.php?oldid=59400833,Den har en svart hätta på huvudet som sträcker sig ned till ögat.,,,2026-10-07,1
Entita,Q207838,stickprov,,faktum,f05,utseende,Kinden är vit och under den korta näbben sitter en ofta liten svart haklapp.,sv: https://sv.wikipedia.org/w/index.php?oldid=59400833,Kinden är vit och den har en ofta liten svart haklapp under den grå korta näbben.,,,2026-10-07,1
Entita,Q207838,stickprov,,faktum,f06,utseende,"Ovansidan är brungrå och undersidan ljusare, gråbeige till vit.",sv: https://sv.wikipedia.org/w/index.php?oldid=59400833,Ovansidan är brungrå och undersidan ljusare gråbeige till vit.,,,2026-10-07,1
Entita,Q207838,stickprov,,faktum,f07,utseende,Entitans hätta är glansigt svart.,sv: https://sv.wikipedia.org/w/index.php?oldid=59400833,entitans hätta är glansigt svart och talltitans matt,,,2026-10-07,1
Entita,Q207838,stickprov,,faktum,f08,utseende,Entitan saknar ljusa partier på armpennorna som bildar ett ljust stråk på den hopfällda vingen.,sv: https://sv.wikipedia.org/w/index.php?oldid=59400833,Entitan saknar också de ljusa partier på armpennorna som bildar ett ljust stråk på vingen när fågeln sitter.,,,2026-10-07,1
Entita,Q207838,stickprov,,faktum,f09,utseende,Ben och fötter är blåaktigt grå till skifferfärgade.,de: https://de.wikipedia.org/w/index.php?oldid=265343303,Beine und Füße sind bläulich grau bis schieferfarben.,,,2026-10-07,1
Entita,Q207838,stickprov,,faktum,f10,"hane, hona och ungfågel",Könen är lika.,sv: https://sv.wikipedia.org/w/index.php?oldid=59400833,"Ovansidan är brungrå och undersidan ljusare gråbeige till vit. Den har en kort konisk och kullrig näbb. Yttre tån ungefär lika lång som innertån. Klorna är krökta, hoptryckta och spetsiga. Könen är lika.",,,2026-10-07,1
Entita,Q207838,stickprov,,faktum,f11,"hane, hona och ungfågel","Unga fåglar liknar adulta men har mattare svart hätta och haklapp, gråare ovansida och ljusare undersida.",en: https://en.wikipedia.org/w/index.php?oldid=1360887406,"Juveniles are very similar to adults, but with a duller black cap and bib, more greyish upperparts and paler underparts",,,2026-10-07,1
Entita,Q207838,stickprov,,faktum,f12,läte,"Entitan bestäms bäst på lätet, ett kort explosivt dubbelslag ""pitjä"" med betoning på andra stavelsen.",sv: https://sv.wikipedia.org/w/index.php?oldid=59400833,"bestäms i fält bäst på lätet, ett kort, explosivt dubbelslag ""pitjä"" eller ""pitchii"" med betoning på andra stavelsen/tonen",,,2026-10-07,1
Entita,Q207838,stickprov,,faktum,f13,läte,"Sången kan vara ett ringande ""schip-schip-schip"" eller ett mjukare ""tu-tu-tu-tu-tu"".",en: https://en.wikipedia.org/w/index.php?oldid=1360887406,"Some of the more common songs include a typical tit-like, ringing, ""schip-schip-schip-schip-ship"", a more liquid ""tu-tu-tu-tu-tu""",,,2026-10-07,1
Entita,Q207838,stickprov,,faktum,f14,läte,"Ett vanligt kontaktläte är ett spetsigt, högt ""tzie"" eller ""szie"".",de: https://de.wikipedia.org/w/index.php?oldid=265343303,Ebenfalls häufig zu hörender Stimmfühlungslaut ist ein spitzes hohes tzie oder szie.,,,2026-10-07,1
Entita,Q207838,stickprov,,faktum,f15,läte,"Upprörd entita lägger till en ""dä-dä-dä""-serie som tydligt skiljer sig från talltitans nasala läte.",de: https://de.wikipedia.org/w/index.php?oldid=265343303,"In Erregung folgt darauf (oder auf das Pjiet-scha) eine dä-dä-dä Reihe, die sich deutlich vom nasalen däh der Weidenmeise unterscheidet",,,2026-10-07,1
Entita,Q207838,stickprov,,faktum,f16,förväxling med P. montanus borealis,"Talltitor i Fennoskandien är färglöst grå ovan och vitare under, medan entitor verkar varmare brunaktiga.",de: https://de.wikipedia.org/w/index.php?oldid=265343303,So sind beispielsweise die Weidenmeisen Fennoskandiens (P. montanus borealis) oberseits eher farblos grau und unterseits weißlicher. Dagegen wirken Sumpfmeisen insgesamt wärmer bräunlich.,,,2026-10-07,1
Entita,Q207838,stickprov,,faktum,f17,miljö,"Entitan föredrar ogallrad, fuktig lövskog och ses ofta vid kärr, strandskogar och i större trädgårdar med undervegetation.",sv: https://sv.wikipedia.org/w/index.php?oldid=59400833,"Entitan föredrar lövskog som är ogallrad och fuktig och uppträder ofta vid kärr, strandskogar och i större trädgårdar med undervegetation.",,,2026-10-07,1
Entita,Q207838,stickprov,,faktum,f18,miljö,"Trots namnet förekommer entitan i många typer av miljöer, även i torr skogsmark.",sv: https://sv.wikipedia.org/w/index.php?oldid=59400833,"Den förekommer trots sitt namn i många olika typer av habitat, även i torr skogsmark.",,,2026-10-07,1
Entita,Q207838,stickprov,,faktum,f19,miljö,Utanför häckningstiden ses den ofta i barrskog eller i häckar i öppnare landskap.,de: https://de.wikipedia.org/w/index.php?oldid=265343303,Außerhalb der Brutzeit ist die Art bezüglich der Habitate weniger wählerisch. Man kann sie dann auch oft in Nadelwäldern oder in Hecken in der offeneren Landschaft antreffen.,,,2026-10-07,1
Entita,Q207838,stickprov,,faktum,f20,i Sverige,Entitan har begränsad utbredning i Sverige och saknas i stort sett norr om Dalälven samt på Gotland.,sv: https://sv.wikipedia.org/w/index.php?oldid=59400833,Entitan har begränsad utbredning i Sverige och saknas i stort sett norr om Dalälven och saknas också på Gotland.,,,2026-10-07,1
Entita,Q207838,stickprov,,faktum,f21,i Sverige,År 2018 uppskattades det svenska beståndet till 90 000 par.,sv: https://sv.wikipedia.org/w/index.php?oldid=59400833,2018 uppskattades det svenska beståndet till 90 000 par.,,,2026-10-07,1
Entita,Q207838,stickprov,,faktum,f22,i Sverige,Sedan 2020 är entitan rödlistad som nära hotad i Sverige efter en minskning med 10–30 % på tio år.,sv: https://sv.wikipedia.org/w/index.php?oldid=59400833,Sedan 2020 listas den återigen som nära hotad efter data som visar att den minskat med 10–30% de senaste tio åren.,,,2026-10-07,1
Entita,Q207838,stickprov,,faktum,f23,i Sverige,"I Sverige lagrar entitan föda mest mellan september och slutet av februari, med en topp i september–oktober.",en: https://en.wikipedia.org/w/index.php?oldid=1360887406,"In Sweden, storing food is most frequent between September and late February, with the peak in this behaviour occurring from September to October.",,,2026-10-07,1
Entita,Q207838,stickprov,,faktum,f24,häckning,Entitan bygger boet i hål i träd och gärna i holkar.,sv: https://sv.wikipedia.org/w/index.php?oldid=59400833,Den placerar sitt bo i hål som den finner i träd och gärna i holkar.,,,2026-10-07,1
Entita,Q207838,stickprov,,faktum,f25,häckning,Boet består av hår och ull på en bädd av mossa.,sv: https://sv.wikipedia.org/w/index.php?oldid=59400833,Boet byggs av båda könen och består av hår och ull som läggs på en bädd av mossa.,,,2026-10-07,1
Entita,Q207838,stickprov,,faktum,f26,häckning,Honan ruvar äggen i snitt 13–15 dygn och matas då av hanen.,sv: https://sv.wikipedia.org/w/index.php?oldid=59400833,Honan ruvar äggen i snitt 13–15 dygn och matas då av hanen.,,,2026-10-07,1
Entita,Q207838,stickprov,,faktum,f27,föda,"Sommartid äter entitan mest insekter, men på hösten och vintern äter den gärna frön.",sv: https://sv.wikipedia.org/w/index.php?oldid=59400833,"Entitans föda består sommartid mest av insekter, men den äter gärna frön under hösten och vintern.",,,2026-10-07,1
Entita,Q207838,stickprov,,faktum,f28,beteende,Entitan hamstrar frön som den gömmer i barksprickor och liknande ställen.,sv: https://sv.wikipedia.org/w/index.php?oldid=59400833,Sommartid förekommer det att entitan hamstrar frön som den gömmer i barksprickor och dylikt.,,,2026-10-07,1
Entita,Q207838,stickprov,,faktum,f29,beteende,Entitan är en utpräglad stannfågel som stannar i sitt revir även under kalla vintrar.,sv: https://sv.wikipedia.org/w/index.php?oldid=59400833,Entitan är en extrem stannfågel som även under kalla vintrar stannar kvar i sitt revir.,,,2026-10-07,1
Entita,Q207838,stickprov,,faktum,f30,beteende,I blandade vinterflockar av mesar finns sällan mer än en eller två entitor.,en: https://en.wikipedia.org/w/index.php?oldid=1360887406,"In mixed winter tit flocks, seldom more than one or two marsh tits are present",,,2026-10-07,1
Entita,Q207838,stickprov,,faktum,s01,status i Sverige,Stannfågel,sv: https://sv.wikipedia.org/w/index.php?oldid=59400833 | sv: https://sv.wikipedia.org/w/index.php?oldid=59400833,Entitan har begränsad utbredning i Sverige och saknas i stort sett norr om Dalälven och saknas också på Gotland. | Entitan är en extrem stannfågel som även under kalla vintrar stannar kvar i sitt revir.,,,2026-10-07,1
Entita,Q207838,stickprov,,data,d01,data,Rapporteras mest i december och januari.,Artportalen via GBIF,,(data),,2026-10-07,1
Entita,Q207838,stickprov,,data,d02,data,Rapporteras från 19 av 21 län.,Artportalen via GBIF,,(data),,2026-10-07,1
Entita,Q207838,stickprov,,data,d03,data,Svenska rödlistan 2025: Nära hotad (NT).,Svenska rödlistan 2025,,(data),,2026-10-07,1
Entita,Q207838,stickprov,,inspelning,a01,inspelning,"Vladimir Yu. Arkhipov, Arkhivov, CC BY-SA 3.0, 20 s",https://commons.wikimedia.org/wiki/File:Poecile_palustris.ogg,,,,2026-10-07,1
Ormvråk,Q25385,stickprov,,art,*,hela arten,behåll här gäller alla rader nedan som lämnas tomma,,,behåll,,2026-10-07,1
Ormvråk,Q25385,stickprov,,faktum,f01,storlek,"Ormvråken är 45–58 cm lång, har ett vingspann på 110–132 cm och väger ungefär 1 kg.",sv: https://sv.wikipedia.org/w/index.php?oldid=57876994,Den mäter 45–58 cm med ett vingspann på 110–132 cm och väger ungefär 1 kg.,,,2026-10-07,1
Ormvråk,Q25385,stickprov,,faktum,f02,utseende,"Ormvråken är en kompakt, medelstor rovfågel med breda vingar, satt kropp, kort hals och medellång stjärt.",sv: https://sv.wikipedia.org/w/index.php?oldid=57876994,"Ormvråken är en kompakt medelstor rovfågel med breda vingar och satt kroppsbyggnad, med kort hals och medellång stjärt.",,,2026-10-07,1
Ormvråk,Q25385,stickprov,,faktum,f03,utseende,Dräkten är oftast brun med spräckliga eller vattrade partier men varierar mycket mellan individer.,sv: https://sv.wikipedia.org/w/index.php?oldid=57876994,Dräkten är oftast brun med spräckliga eller vattrade kroppsdelar men varierar mycket.,,,2026-10-07,1
Ormvråk,Q25385,stickprov,,faktum,f05,utseende,Undersidan av vingarna är oftast ljusare än resten av fågeln.,sv: https://sv.wikipedia.org/w/index.php?oldid=57876994,Undersidan av vingarna är oftast ljusare än fågeln i övrigt.,,,2026-10-07,1
Ormvråk,Q25385,stickprov,,faktum,f06,utseende,"Extremt ljusa former, ibland kallade börringevråk, har ljust till vitt huvud, vit stjärtbas och vita vingundersidor men är i övrigt bruna.",sv: https://sv.wikipedia.org/w/index.php?oldid=57876994,"Dessa har ljust till vitt huvud, vita främre täckare, vit stjärtbas och vita vingundersidor och är i övrigt bruna.",,,2026-10-07,1
Ormvråk,Q25385,stickprov,,faktum,f07,utseende,Ett ljust U-format band tvärs över bröstet finns ofta.,en: https://en.wikipedia.org/w/index.php?oldid=1372105476,A pale U across breast is often present,,,2026-10-07,1
Ormvråk,Q25385,stickprov,,faktum,f08,utseende,Sedd underifrån i flykten har ormvråken i Europa typiskt en mörk bakkant på vingarna.,en: https://en.wikipedia.org/w/index.php?oldid=1372105476,"Seen from below in flight, buzzards in Europe typically have a dark trailing edge to the wings.",,,2026-10-07,1
Ormvråk,Q25385,stickprov,,faktum,f09,utseende,Hos vuxna fåglar är fötter och vaxhud gula.,de: https://de.wikipedia.org/w/index.php?oldid=266681495,"Die ungefiederten Körperteile (Füße und Wachshäute) sind bei frisch geschlüpften Jungvögeln hellrosa, bei Altvögeln gelb.",,,2026-10-07,1
Ormvråk,Q25385,stickprov,,faktum,f10,"hane, hona och ungfågel","Unga fåglar skiljs från vuxna på ljusare öga, smalare ändband på stjärten och längsstreckad istället för tvärbandad undersida.",en: https://en.wikipedia.org/w/index.php?oldid=1372105476,"Juvenile buzzards are quite similar to adult in the nominate subspecies, being best told apart by having a paler eye, a narrower subterminal band on the tail and underside markings that appear as streaks rather than bars.",,,2026-10-07,1
Ormvråk,Q25385,stickprov,,faktum,f11,"hane, hona och ungfågel",Honor är i genomsnitt 2–7 procent större än hanar och väger ungefär 15 procent mer.,en: https://en.wikipedia.org/w/index.php?oldid=1372105476,Females average about 2–7% larger than males linearly and weigh about 15% more.,,,2026-10-07,1
Ormvråk,Q25385,stickprov,,faktum,f12,läte,Det vanligaste lätet är ett fallande jamande som mest hörs i flykten.,sv: https://sv.wikipedia.org/w/index.php?oldid=57876994,Det vanligaste lätet är ett fallande jamande som mest hörs i flykten.,,,2026-10-07,1
Ormvråk,Q25385,stickprov,,faktum,f13,läte,"Huvudlätet är ett klagande, långt bärande ”pii-jå” eller ”piii-o”.",en: https://en.wikipedia.org/w/index.php?oldid=1372105476,"The main call of the species is a plaintive, far-carrying pee-yow or peee-oo",,,2026-10-07,1
Ormvråk,Q25385,stickprov,,faktum,f14,läte,"Det fallande, jamande lätet härmas gärna av nötskrikan.",de: https://de.wikipedia.org/w/index.php?oldid=266681495,"Der oft im Flug zu hörende, laute Ruf klingt abfallend miauend und wird gerne vom Eichelhäher imitiert.",,,2026-10-07,1
Ormvråk,Q25385,stickprov,,faktum,f15,miljö,"Ormvråken föredrar skogskanter som gränsar till åkrar, sjöar, hyggen eller myrar.",sv: https://sv.wikipedia.org/w/index.php?oldid=57876994,"Ormvråken föredrar skogens randområden, det vill säga skog som gränsar till exempelvis åkrar, sjöar, hyggen eller myrar.",,,2026-10-07,1
Ormvråk,Q25385,stickprov,,faktum,f16,miljö,Vanligast förekommer ormvråken i uppbrutet landskap med spridda träddungar.,sv: https://sv.wikipedia.org/w/index.php?oldid=57876994,Vanligast förekommer ormvråken i uppbrutet landskap med spridda träddungar.,,,2026-10-07,1
Ormvråk,Q25385,stickprov,,faktum,f17,i Sverige,Ormvråken är tillsammans med sparvhöken en av Sveriges vanligaste rovfåglar.,sv: https://sv.wikipedia.org/w/index.php?oldid=57876994,Ormvråken är jämte sparvhöken en av Sveriges vanligaste rovfåglar.,,,2026-10-07,1
Ormvråk,Q25385,stickprov,,faktum,f18,i Sverige,Den häckar i stora delar av det trädbevuxna Sverige men saknas i fjällen.,sv: https://sv.wikipedia.org/w/index.php?oldid=57876994,Den häckar i stora delar av den trädbeväxta delen av Sverige och saknas i fjällen.,,,2026-10-07,1
Ormvråk,Q25385,stickprov,,faktum,f19,i Sverige,Den svenska populationen består av omkring 35 000 par.,sv: https://sv.wikipedia.org/w/index.php?oldid=57876994,Den svenska populationen består av omkring 35 000 par.,,,2026-10-07,1
Ormvråk,Q25385,stickprov,,faktum,f20,i Sverige,"De flesta svenska ormvråkar flyttar kort till vinterkvarter i Europa, men i södra Sverige och särskilt Skåne övervintrar arten.",sv: https://sv.wikipedia.org/w/index.php?oldid=57876994,"Merparten av Sveriges ormvråkar är kortflyttande flyttfåglar som har sina vinterkvarter i Europa, men i södra Sverige och särskilt i Skåne övervintrar ormvråken.",,,2026-10-07,1
Ormvråk,Q25385,stickprov,,faktum,f21,i Sverige,Flytten söderut sker augusti–november och återflytten till häckningsområdet februari–maj.,sv: https://sv.wikipedia.org/w/index.php?oldid=57876994,"Flytten söderut till vintervistet äger rum augusti-november, och återflytt till häckningsområdet sker februari-maj.",,,2026-10-07,1
Ormvråk,Q25385,stickprov,,faktum,f22,i Sverige,"Som mest har 41 000 ormvråkar räknats vid Falsterbo, en av de viktigaste flyttplatserna i södra Sverige.",en: https://en.wikipedia.org/w/index.php?oldid=1372105476,"A maximum of 41,000 individuals have been recorded at one of the main migration sites within southern Sweden in Falsterbo.",,,2026-10-07,1
Ormvråk,Q25385,stickprov,,faktum,f23,häckning,"Boet placeras i ett större träd, oftast gran, och honan lägger två till fyra ägg i april–maj.",sv: https://sv.wikipedia.org/w/index.php?oldid=57876994,"Det placeras i ett större träd, oftast gran, och honan lägger i april–maj två till fyra ägg.",,,2026-10-07,1
Ormvråk,Q25385,stickprov,,faktum,f24,häckning,Paret ruvar äggen gemensamt i 33–38 dygn och tar sedan hand om ungarna tillsammans.,sv: https://sv.wikipedia.org/w/index.php?oldid=57876994,Ormvråksparet ruvar sedan äggen gemensamt i 33–38 dygn och tar sedan hand om ungarna tillsammans.,,,2026-10-07,1
Ormvråk,Q25385,stickprov,,faktum,f25,häckning,Ungarna är flygfärdiga efter 45–55 dygn.,sv: https://sv.wikipedia.org/w/index.php?oldid=57876994,Ungarna är flygfärdiga efter 45–55 dygn.,,,2026-10-07,1
Ormvråk,Q25385,stickprov,,faktum,f26,föda,Födan består främst av smågnagare som sorkar och möss.,sv: https://sv.wikipedia.org/w/index.php?oldid=57876994,"Främst består dieten av smågnagare, som sorkar och möss.",,,2026-10-07,1
Ormvråk,Q25385,stickprov,,faktum,f27,föda,Ormvråken ses ofta på nyplöjda åkrar där den letar efter mask och insekter.,sv: https://sv.wikipedia.org/w/index.php?oldid=57876994,Ormvråken kan ofta ses på nyplöjda åkrar när den letar efter mask och insekter.,,,2026-10-07,1
Ormvråk,Q25385,stickprov,,faktum,f28,beteende,Den spanar gärna från träd eller stolpar intill vägar där den söker trafikdödat vilt.,sv: https://sv.wikipedia.org/w/index.php?oldid=57876994,spanar också gärna från trädstammar eller stolpar intill vägar där den söker trafikdödat vilt.,,,2026-10-07,1
Ormvråk,Q25385,stickprov,,faktum,f29,förväxling med Pernis apivorus,"Bivråken har mindre näbb, mer framträdande huvud och hals, längre vingar, och kretsar på plana eller sänkta vingar medan ormvråken håller dem något resta.",sv: https://sv.wikipedia.org/w/index.php?oldid=57876994 | sv: https://sv.wikipedia.org/w/index.php?oldid=57876994,"Ormvråken förväxlas lätt med bivråken, men denna har mindre näbb, mer framträdande huvud och hals, längre vingar och fylligare stjärt. | Bivråken har också en avvikande flyktsilhuett med plana eller något sänkta vingar, medan ormvråken kretsar med vingarna något resta.",,,2026-10-07,1
Ormvråk,Q25385,stickprov,,faktum,f30,förväxling med Buteo lagopus,"Fjällvråken är något större med längre vingar, vanligen ljus stjärtovansida och tydligt mörka karpalfläckar.",sv: https://sv.wikipedia.org/w/index.php?oldid=57876994,"Fjällvråken är något större och har längre vingar, med vanligen ljus stjärtovansidan och tydligt mörka karpalteckningar.",,,2026-10-07,1
Ormvråk,Q25385,stickprov,,faktum,s01,status i Sverige,"Delvis flyttfågel, häckar här",sv: https://sv.wikipedia.org/w/index.php?oldid=57876994,"Merparten av Sveriges ormvråkar är kortflyttande flyttfåglar som har sina vinterkvarter i Europa, men i södra Sverige och särskilt i Skåne övervintrar ormvråken.",,,2026-10-07,1
Ormvråk,Q25385,stickprov,,data,d01,data,Rapporteras året runt.,Artportalen via GBIF,,(data),,2026-10-07,1
Ormvråk,Q25385,stickprov,,data,d02,data,Rapporteras från alla 21 län.,Artportalen via GBIF,,(data),,2026-10-07,1
Ormvråk,Q25385,stickprov,,data,d03,data,Inte rödlistad i Svenska rödlistan 2025.,Svenska rödlistan 2025,,(data),,2026-10-07,1
Ormvråk,Q25385,stickprov,,inspelning,a01,inspelning,"Benoît Van Hecke, CC BY-SA 4.0, 20 s",https://commons.wikimedia.org/wiki/File:Buteo_buteo_-_Common_Buzzard_XC538678.mp3,,,,2026-10-07,1
