Art,QID,Rad,Kontroll,Typ,Id,Ämne,Faktum,Källa,Citat,Beslut,Kommentar
Talgoxe,Q25485,flagga,V1,flagga,s01,,"Statusen i Sverige ströks av faktakontrollen: The Swedish quote only covers distribution, not residency status, and the German quote speaks generally of 'Europe' and areas 'north of the Arctic Circle', without naming Sweden, Scandinavia, Norden or Fennoscandia explicitly; the broader German text also describes the species as a partial migrant (Teilzieher), so full 'stannfågel' status for Sweden is not clearly established by the quoted text.. Bestäm status eller lämna tom.",,,,
Koltrast,Q25234,flagga,V3,flagga,s01,status i Sverige,"Statusen säger flyttfågel, men arten rapporteras ofta december till februari.",sv: https://sv.wikipedia.org/w/index.php?oldid=59568519,"Merparten av de svenska koltrastarna flyttar i slutet av september till början av november till Västeuropa, och återkommer i mars till april.",,
Rödhake,Q25334,flagga,V3,flagga,s01,status i Sverige,"Statusen säger flyttfågel, men arten rapporteras ofta december till februari.",sv: https://sv.wikipedia.org/w/index.php?oldid=59699944,"Som flyttfågel anländer rödhaken i slutet av mars eller början av april till Sverige, och flyttar iväg i september till november söderut",,
Skata,Q25307,flagga,V1,flagga,s01,,"Statusen i Sverige ströks av faktakontrollen: The German quote states the magpie is a resident bird (Standvogel) but explicitly notes that in Scandinavia it is also a partial/dispersive migrant (Strichvogel), contradicting a simple 'stannfågel' (resident only) status claim for Sweden; this nuance is not reflected in the claim.. Bestäm status eller lämna tom.",,,,
Kaja,Q25345384,flagga,V1,flagga,s01,,"Statusen i Sverige ströks av faktakontrollen: Quotes show a mixed pattern where some jackdaws stay in Sweden year-round while others migrate south and return in spring, which is a partial migrant status rather than simply 'Flyttfågel'; breeding in Sweden is implied but not explicitly stated.. Bestäm status eller lämna tom.",,,,
Kaja,Q25345384,flagga,V4,flagga,,inspelning,ljudmodellen täcker inte arten: lyssna och besluta,https://commons.wikimedia.org/wiki/File:European_Jackdaw%27s_croaking.ogg,sha:a4db6f2c2a5d,,
Bofink,Q25383,flagga,V1,flagga,s01,,"Statusen i Sverige ströks av faktakontrollen: The pairs quote confirms breeding in Sweden, but the Linnaeus quote only states that females migrated south in winter, implying a partial migration pattern rather than confirming the whole species as simply 'Flyttfågel' for Sweden; nuance about males (who may stay) is not addressed in the given quotes.. Bestäm status eller lämna tom.",,,,
Gräsand,Q25348,flagga,V1,flagga,s01,,"Statusen i Sverige ströks av faktakontrollen: The quote confirms the mallard breeds commonly throughout Sweden, but does not state that the Swedish population is migratory ('Flyttfågel'); that part of the claim is unsupported by the given quote.. Bestäm status eller lämna tom.",,,,
Fiskmås,Q26427,flagga,V2,flagga,f05,utseende,f05 anger ett tal i cm som inte stämmer med de andra artiklarna (40 till 46 cm),de: https://de.wikipedia.org/w/index.php?oldid=261458520,"Beim sitzenden Vogel fallen die weißen Spitzen der Handschwingen, die den Schwanz um 5–7 cm überragen, als feine weiße Punkte auf.",,
Fiskmås,Q26427,flagga,V3,flagga,s01,status i Sverige,"Statusen säger flyttfågel, men arten rapporteras ofta december till februari.",sv: https://sv.wikipedia.org/w/index.php?oldid=59701347,"På vintern flyttar merparten av den svenska populationen, men några stannar kvar utmed Sveriges södra kuster.",,
Ormvråk,Q25385,flagga,V3,flagga,s01,status i Sverige,"Statusen säger flyttfågel, men arten rapporteras ofta december till februari.",sv: https://sv.wikipedia.org/w/index.php?oldid=57876994,Merparten av Sveriges ormvråkar är kortflyttande flyttfåglar som har sina vinterkvarter i Europa,,
Domherre,Q25382,flagga,V2,flagga,f09,storlek,f09 anger ett tal i cm som inte stämmer med de andra artiklarna (2 till 2 cm),sv: https://sv.wikipedia.org/w/index.php?oldid=55576523,"Längden är ungefär 15–17 cm, vingspannet 22–29 cm.",,
Sångsvan,Q25612,flagga,V3,flagga,s01,status i Sverige,"Statusen säger flyttfågel, men arten rapporteras ofta december till februari.",sv: https://sv.wikipedia.org/w/index.php?oldid=59703253 | sv: https://sv.wikipedia.org/w/index.php?oldid=59703253,"Idag häckar den i hela Sverige, med störst bestånd i Norrbottens, Västerbottens och Gävleborgs län. | Flyttningen till övervintringsområden i södra Sverige, Danmark och Nordsjöländerna inleds i oktober.",,
Gråkråka,Q25405,flagga,V1,flagga,s01,,"Statusen i Sverige ströks av faktakontrollen: The quote confirms the species is common and breeds throughout Sweden, but the paragraph only states migratory status varies by latitude across the species' broader European range (northern populations migratory, southern resident) without specifying which applies to Sweden, so the 'flyttfågel' (migratory) status for Sweden specifically is not confirmed.. Bestäm status eller lämna tom.",,,,
Grönfink,Q27075785,flagga,V1,flagga,s01,,"Statusen i Sverige ströks av faktakontrollen: The quote shows the species occurs year-round in small numbers in northern Sweden, but also states northernmost populations migrate south and southern Sweden birds overwinter as passage/winter visitors (strykfåglar), indicating a partial migrant pattern rather than a simple resident (stannfågel) status across Sweden.. Bestäm status eller lämna tom.",,,,
Knipa,Q29865,flagga,V3,flagga,s01,status i Sverige,"Statusen säger flyttfågel, men arten rapporteras ofta december till februari.",sv: https://sv.wikipedia.org/w/index.php?oldid=57169142 | sv: https://sv.wikipedia.org/w/index.php?oldid=57169142,2018 uppskattades det svenska beståndet till 65 000 par. | Merparten av världspopulationen är flyttfåglar. De häckar cirkumpolärt över tajgaregionen i boreala Skandinavien,,
Havsörn,Q25438,flagga,V1,flagga,s01,,"Statusen i Sverige ströks av faktakontrollen: Quote shows Swedish eagles can migrate south to Central Europe or shorter distances, not that the species is a strict resident (stannfågel); it describes mixed migratory behavior rather than confirming full residency.. Bestäm status eller lämna tom.",,,,
Björktrast,Q25777,flagga,V3,flagga,s01,status i Sverige,"Statusen säger flyttfågel, men arten rapporteras ofta december till februari.",sv: https://sv.wikipedia.org/w/index.php?oldid=59480920 | sv: https://sv.wikipedia.org/w/index.php?oldid=59480920,Björktrasten häckar i stort antal över hela landet. | Grovt taget kan man säga att de björktrastar som häckar norr om Mora flyttar söderut om vintern.,,
Storskrake,Q180991,flagga,V1,flagga,s01,,"Statusen i Sverige ströks av faktakontrollen: The quote confirms the species is migratory in most of Sweden, but does not explicitly state that it breeds in Sweden in this paragraph.. Bestäm status eller lämna tom.",,,,
Knölsvan,Q25402,flagga,V2,flagga,f11,storlek,f11 anger ett tal i g som inte stämmer med de andra artiklarna (14300 till 14300 g),en: https://en.wikipedia.org/w/index.php?oldid=1374078477,the slightly smaller females (known as pens) averaged about 8.5 to 9.67 kg,,
Knölsvan,Q25402,flagga,V1,flagga,s01,,"Statusen i Sverige ströks av faktakontrollen: Quote specifies resident status only applies to southern Sweden, with migratory behavior along the Norrland coast, so blanket 'Stannfågel' status overstates the claim.. Bestäm status eller lämna tom.",,,,
Gulsparv,Q26205,flagga,V1,flagga,s01,,"Statusen i Sverige ströks av faktakontrollen: The quote only states year-round presence along the Norrland coast and from central Sweden southward, while northern inland breeding areas are abandoned in autumn; this is not a nationwide resident status, so the blanket claim of 'Stannfågel' for Sweden is only partially supported.. Bestäm status eller lämna tom.",,,,
Grågås,Q25882,flagga,V2,flagga,f05,utseende,f05 anger ett tal i cm som inte stämmer med de andra artiklarna (75 till 90 cm),sv: https://sv.wikipedia.org/w/index.php?oldid=59562432,"Grågåsen har en kraftig, helljus näbb som mäter 6–7 cm på längden, är tjock, konisk och rödorange- eller rosafärgad med vit näbbnagel.",,
Grågås,Q25882,flagga,V3,flagga,s01,status i Sverige,"Statusen säger flyttfågel, men arten rapporteras ofta december till februari.",sv: https://sv.wikipedia.org/w/index.php?oldid=59562432,I Sverige är den en sommargäst som mest ses mellan mars och oktober.,,
Gärdsmyg,Q25740,flagga,V3,flagga,s01,status i Sverige,"Statusen säger flyttfågel, men arten rapporteras ofta december till februari.",sv: https://sv.wikipedia.org/w/index.php?oldid=59138421,"De flesta flyttar vintertid söderut, men några stannar kvar i landet",,
Gråtrut,Q28236,flagga,V1,flagga,s01,,"Statusen i Sverige ströks av faktakontrollen: Quote shows breeding widely along Swedish coasts but wintering only 'often in central and southern Sweden', indicating partial rather than full year-round residency across all of Sweden.. Bestäm status eller lämna tom.",,,,
Grönsiska,Q27075864,flagga,V2,flagga,f01,storlek,f01 anger ett tal i cm som inte stämmer med de andra artiklarna (0.2 till 1.65 cm),sv: https://sv.wikipedia.org/w/index.php?oldid=59562975,"Grönsiskan är en liten fink som mäter 12–13 cm, har ett vingspann på 20–23 cm och en vikt på ungefär 12 gram.",,
Grönsiska,Q27075864,flagga,V3,flagga,s01,status i Sverige,"Statusen säger flyttfågel, men arten rapporteras ofta december till februari.",sv: https://sv.wikipedia.org/w/index.php?oldid=59562975 | sv: https://sv.wikipedia.org/w/index.php?oldid=59562975,Grönsiskan häckar i hela Sverige förutom i fjällen och den är allmän i södra och mellersta Sverige. | Delar av den svenska populationen flyttar så långt söderut som till Tyskland och Frankrike medan andra övervintrar.,,
Sidensvans,Q26135,flagga,V1,flagga,s01,,"Statusen i Sverige ströks av faktakontrollen: The quote confirms breeding in Sweden, but does not state that the species is a migratory bird ('flyttfågel'); migration status is not addressed by this quote.. Bestäm status eller lämna tom.",,,,
Steglits,Q25418,flagga,V3,flagga,s01,status i Sverige,"Statusen säger flyttfågel, men arten rapporteras ofta december till februari.",sv: https://sv.wikipedia.org/w/index.php?oldid=59703234,"Delar flyttar till Väst- och Sydeuropa och återkommer i mars–april, medan andra övervintrar.",,
Vigg,Q26444,flagga,V2,flagga,f12,storlek,f12 anger ett tal i cm som inte stämmer med de andra artiklarna (4.1 till 5.9 cm),sv: https://sv.wikipedia.org/w/index.php?oldid=59694338,Fågelns totala längd är 40–47 cm och den har ett vingspann på 65–72 cm.,,
Vigg,Q26444,flagga,V3,flagga,s01,status i Sverige,"Statusen säger flyttfågel, men arten rapporteras ofta december till februari.",sv: https://sv.wikipedia.org/w/index.php?oldid=59694338,Merparten lämnar Sverige under vintern men vissa övervintrar i södra Sverige.,,
Kanadagås,Q26733,flagga,V1,flagga,s01,,"Statusen i Sverige ströks av faktakontrollen: Quotes confirm the species breeds across most of Sweden, but migration is only confirmed for geese in more northerly parts of Sweden/Finland, while other passages note wintering occurs where water stays open; the uniform 'migratory bird' label is not fully supported for all of Sweden.. Bestäm status eller lämna tom.",,,,
Gråhäger,Q25273,flagga,V3,flagga,s01,status i Sverige,"Statusen säger flyttfågel, men arten rapporteras ofta december till februari.",sv: https://sv.wikipedia.org/w/index.php?oldid=56065189 | sv: https://sv.wikipedia.org/w/index.php?oldid=56065189,"Merparten av den svenska populationen är flyttfåglar, men i södra Sverige och på Sveriges västkust är den stannfågel. | Hägern är i Sverige en relativt vanlig häckfågel",,
Ringduva,Q26026,flagga,V1,flagga,s01,,"Statusen i Sverige ströks av faktakontrollen: Quotes support migratory status for Scandinavia and large numbers leaving Sweden, but do not explicitly state that the species breeds in Sweden.. Bestäm status eller lämna tom.",,,,
